"dataset_id","state","intercept","slope","rsquared","slope_sig","trend"
"EPA_forest","TX",-234.440533524343,0.127690717822314,0.994657192460948,"0.01","increase"
"EPA_forest","FL",349.49710472152,-0.149011927314088,0.999687532845858,"0.01","decrease"
"EPA_forest","CONUS",48.8699335958253,-0.00792885417160673,0.902462806600361,"0.01","decrease"
"EPA_forest","CA",158.025965628132,-0.0631966677908845,0.999670418186179,"0.01","decrease"
"EPA_forest","MT",-34.9883414187483,0.0305432154406733,0.9975610701076,"0.01","increase"
"EPA_forest","NV",-99.8245475558092,0.0540983065544777,0.998718458257589,"0.01","increase"
"EPA_forest","AZ",22.5822657828426,-0.00358044158515441,0.943551997848159,"0.01","decrease"
"EPA_forest","UT",-101.731952226889,0.0609864180604869,0.995681337299908,"0.01","increase"
"EPA_forest","KS",56.5689769395471,-0.0257907086255068,0.999416276924449,"0.01","decrease"
"EPA_forest","WY",93.0443818916241,-0.0382846008328193,0.184359109982365,"N/S","not sig"
"EPA_forest","NE",46.1842822854164,-0.0215044153953385,0.999301997507267,"0.01","decrease"
"EPA_forest","NM",-2.28171128576757,0.0103134466301255,0.996488020970947,"0.01","increase"
"EPA_forest","SD",-11.4063110411625,0.0075425385465189,0.99596812153514,"0.01","increase"
"EPA_forest","ID",-190.449952464138,0.114572773591102,0.998528661848717,"0.01","increase"
"EPA_forest","ND",-10.828567801932,0.00621198681636732,0.996478748274415,"0.01","increase"
"EPA_forest","IL",-58.4065169600246,0.035667552390604,0.999928281260304,"0.01","increase"
"EPA_forest","WA",80.3943730659845,-0.0138929933377528,0.947259313661064,"0.01","decrease"
"EPA_forest","CO",-49.0480210775374,0.0381325364328932,0.995411011551213,"0.01","increase"
"EPA_forest","MN",-77.6717215256787,0.0556067668297931,0.999987281147769,"0.01","increase"
"EPA_forest","OR",105.505552056707,-0.0283119265211548,0.9990986288884,"0.01","decrease"
"EPA_forest","MI",40.7032621674376,0.0072489757189094,0.978045434144795,"0.01","increase"
"EPA_forest","NC",175.501109548011,-0.0571905064439999,0.997082967823105,"0.01","decrease"
"EPA_forest","OK",775.665803143435,-0.371543896891832,0.997148601388066,"0.01","decrease"
"EPA_forest","MA",220.82897993424,-0.0800520011046313,0.998078011104306,"0.01","decrease"
"EPA_forest","VA",130.631665986308,-0.0333284888518486,0.997444720853003,"0.01","decrease"
"EPA_forest","GA",274.273219451259,-0.103010986471676,0.999769678116944,"0.01","decrease"
"EPA_forest","LA",-168.891513175864,0.11061369396968,0.998666140661321,"0.01","increase"
"EPA_forest","AL",98.0114508737172,-0.013322447774222,0.997045581847273,"0.01","decrease"
"EPA_forest","PA",290.928095741361,-0.11562465875777,0.999229178448354,"0.01","decrease"
"EPA_forest","MO",56.4664468827646,-0.0107316848625718,0.996956607796471,"0.01","decrease"
"EPA_forest","TN",70.7402688541225,-0.00905785597347867,0.91096079651597,"0.01","decrease"
"EPA_forest","NY",239.398130702027,-0.0882268059031444,0.999333209859868,"0.01","decrease"
"EPA_forest","ME",178.88737165322,-0.0446393451927187,0.997294204769186,"0.01","decrease"
"EPA_forest","MS",150.189547355807,-0.0426577011849358,0.991624463773375,"0.01","decrease"
"EPA_forest","WV",283.222929510926,-0.101647531830103,0.997215278706299,"0.01","decrease"
"EPA_forest","OH",220.179856609364,-0.0944829639700342,0.999630415796982,"0.01","decrease"
"EPA_forest","MD",305.88411327419,-0.132712060159942,0.99798387037267,"0.01","decrease"
"EPA_forest","SC",192.465562804988,-0.0622736053306113,0.998082934305207,"0.01","decrease"
"EPA_forest","NH",321.096279643335,-0.11860223725311,0.998621005228354,"0.01","decrease"
"EPA_forest","NJ",50.0473277223614,-0.00374735863126073,0.938190912340665,"0.01","decrease"
"EPA_forest","VT",375.5387198674,-0.148338358778683,0.999682158921697,"0.01","decrease"
"EPA_forest","CT",-290.324708678081,0.172094844030819,0.997786424583299,"0.01","increase"
"EPA_forest","DE",283.722859258304,-0.126852697426146,0.998723287242631,"0.01","decrease"
"EPA_forest","RI",224.124439178599,-0.0842818397749391,0.998976243206196,"0.01","decrease"
"EPA_forest","IA",-23.1075912621271,0.0153783251235108,0.999323039418386,"0.01","increase"
"EPA_forest","WI",129.151598572527,-0.0398726519438294,0.994405525695161,"0.01","decrease"
"EPA_forest","AR",178.43227512132,-0.0602834337254772,0.994822498492187,"0.01","decrease"
"EPA_forest","KY",254.682899962257,-0.102077985839642,0.999368044073666,"0.01","decrease"
"EPA_forest","IN",-3.38627058869118,0.011954197643177,0.934337048694948,"0.01","increase"
"FIA_forest","TX",-1487.27691358117,0.756301602905398,0.148987182015104,"N/S","not sig"
"FIA_forest","FL",-103.420425249775,0.0760157078888626,0.0896754198114675,"N/S","not sig"
"FIA_forest","CONUS",434.424983964996,-0.197946569826445,0.745642820617068,"0.01","decrease"
"FIA_forest","CA",583.290458445865,-0.274790596366376,0.672787050200539,"0.01","decrease"
"FIA_forest","MT",112.451899216407,-0.0423718703735096,0.105674659930638,"N/S","not sig"
"FIA_forest","NV",163.272258986198,-0.0737966126118841,0.190745414092339,"N/S","not sig"
"FIA_forest","AZ",56.6539158434482,-0.0157107868694809,0.00681884069126728,"N/S","not sig"
"FIA_forest","UT",248.937427572227,-0.107025480926286,0.269451891530838,"0.05","decrease"
"FIA_forest","KS",-105.133466316749,0.0545464336994022,0.280978948032378,"0.05","increase"
"FIA_forest","WY",2277.58463927397,-1.12297232483769,0.317718134292768,"N/S","not sig"
"FIA_forest","NE",-36.973622307657,0.0197955233099857,0.0775737080614578,"N/S","not sig"
"FIA_forest","NM",-133.159321774869,0.082069790497735,0.0554311362183718,"N/S","not sig"
"FIA_forest","SD",-53.4951525111469,0.0284994156076316,0.200679736103544,"N/S","not sig"
"FIA_forest","ID",73.5052785149963,-0.0163518275283829,0.00801658585307135,"N/S","not sig"
"FIA_forest","ND",-20.1661716488627,0.0109033106125901,0.0558221396380523,"N/S","not sig"
"FIA_forest","IL",-161.075725434007,0.0865669575559292,0.125267117037362,"N/S","not sig"
"FIA_forest","WA",490.528033072675,-0.218583966852626,0.624095655185023,"0.01","decrease"
"FIA_forest","CO",-42.1975817195691,0.0380556590830381,0.0383519975158695,"N/S","not sig"
"FIA_forest","MN",-299.958915920931,0.165941160055569,0.643101626106617,"0.01","increase"
"FIA_forest","OR",231.868688613156,-0.0915768233629581,0.2670166062269,"0.05","decrease"
"FIA_forest","MI",-352.670339807838,0.202719621614525,0.25566597284792,"0.05","increase"
"FIA_forest","NC",-4.72986580706905,0.0322579803001362,0.0411506452828755,"N/S","not sig"
"FIA_forest","OK",-1235.69312660833,0.625994285050883,0.210105904505505,"N/S","not sig"
"FIA_forest","MA",604.786584321512,-0.270778610817142,0.231486167681936,"N/S","not sig"
"FIA_forest","VA",-18.9112841371727,0.0408450162611277,0.0704372195307419,"N/S","not sig"
"FIA_forest","GA",293.495545275745,-0.112660528097466,0.318648926788861,"0.01","decrease"
"FIA_forest","LA",-133.614790361213,0.0934378117038504,0.0160129318851236,"N/S","not sig"
"FIA_forest","AL",-68.6864854377119,0.0693716926480865,0.175570531804305,"N/S","not sig"
"FIA_forest","PA",-269.010768996829,0.162007527240591,0.309389845140864,"0.05","increase"
"FIA_forest","MO",-210.690968842677,0.121868831024119,0.2284750836435,"0.05","increase"
"FIA_forest","TN",108.507930028227,-0.0278474665108713,0.0552206635122748,"N/S","not sig"
"FIA_forest","NY",139.806875072336,-0.0389479763399379,0.0239932941246198,"N/S","not sig"
"FIA_forest","ME",221.47900251655,-0.0659250201631127,0.36200076651473,"0.01","decrease"
"FIA_forest","MS",302.543570841633,-0.118337215181169,0.279651766503584,"N/S","not sig"
"FIA_forest","WV",351.754988923226,-0.136375289754627,0.179530143099477,"N/S","not sig"
"FIA_forest","OH",244.708981482043,-0.10704017698943,0.154673424909988,"N/S","not sig"
"FIA_forest","MD",-96.9777235742584,0.0674750601327238,0.011049369510747,"N/S","not sig"
"FIA_forest","SC",191.391458327875,-0.0616343800677876,0.168447754756631,"N/S","not sig"
"FIA_forest","NH",387.451676155187,-0.151360289064968,0.117732527547883,"N/S","not sig"
"FIA_forest","NJ",194.343436409392,-0.0759371917593861,0.0109066693993718,"N/S","not sig"
"FIA_forest","VT",460.141831009113,-0.190803926073772,0.207735216746854,"N/S","not sig"
"FIA_forest","CT",-409.827694687599,0.231707808422541,0.079332999337595,"N/S","not sig"
"FIA_forest","DE",521.07423554411,-0.244961503180585,0.112454525547199,"N/S","not sig"
"FIA_forest","RI",-192.476892042725,0.122138353183839,0.0176220042999061,"N/S","not sig"
"FIA_forest","IA",-18.8220096890408,0.0132679207946824,0.0126199501616031,"N/S","not sig"
"FIA_forest","WI",-337.544240628196,0.191886005516048,0.556201672465574,"0.01","increase"
"FIA_forest","AR",-202.869864189899,0.128903308993154,0.588735029974502,"0.01","increase"
"FIA_forest","KY",0.829623955105803,0.0239241016709814,0.00895436070483996,"N/S","not sig"
"FIA_forest","IN",-108.188824103526,0.064024961200303,0.104063154744521,"N/S","not sig"
"FIA_timberland","TX",-12.2597781433923,0.01001613648633,0.00239484825837479,"N/S","not sig"
"FIA_timberland","FL",299.189126824871,-0.126728906888972,0.412301184536204,"0.01","decrease"
"FIA_timberland","CONUS",227.230513524624,-0.0998553550617162,0.807915786666059,"0.01","decrease"
"FIA_timberland","CA",316.419637145706,-0.149487760427467,0.774944675377807,"0.01","decrease"
"FIA_timberland","MT",157.496532127097,-0.0678809940974726,0.293631395467876,"0.05","decrease"
"FIA_timberland","NV",8.9414060820248,-0.00427833324080965,0.027955604198812,"N/S","not sig"
"FIA_timberland","AZ",-7.55143124144756,0.00575557909384026,0.00574255319273973,"N/S","not sig"
"FIA_timberland","UT",102.442565918725,-0.0474481510249651,0.19160360505821,"N/S","not sig"
"FIA_timberland","KS",-88.9591155202469,0.0463620242090871,0.262656983093111,"0.05","increase"
"FIA_timberland","WY",1153.46311736505,-0.568579478241851,0.29756308195003,"N/S","not sig"
"FIA_timberland","NE",-35.0629897182977,0.0187315502207623,0.0860434782450352,"N/S","not sig"
"FIA_timberland","NM",-27.5369299475329,0.0165032113943129,0.0162244436942393,"N/S","not sig"
"FIA_timberland","SD",-51.6172204270997,0.0274264126162266,0.177478478120737,"N/S","not sig"
"FIA_timberland","ID",76.7151917618511,-0.0225848584140107,0.00691219001809875,"N/S","not sig"
"FIA_timberland","ND",13.5823092653956,-0.00621442074118033,0.0267708087420405,"N/S","not sig"
"FIA_timberland","IL",-143.921080225987,0.0776277078364712,0.116959584989805,"N/S","not sig"
"FIA_timberland","WA",390.392529791338,-0.173679998595499,0.560476027266428,"0.01","decrease"
"FIA_timberland","CO",186.258447474614,-0.0845914444584821,0.214955612440506,"N/S","not sig"
"FIA_timberland","MN",-273.043174098281,0.150824916846769,0.630395757742944,"0.01","increase"
"FIA_timberland","OR",98.4028159573958,-0.0299432493318583,0.0918620873341737,"N/S","not sig"
"FIA_timberland","MI",-317.191920875881,0.183677533446175,0.197147253416677,"0.05","increase"
"FIA_timberland","NC",41.6363147762169,0.00815865903685355,0.00251955940848391,"N/S","not sig"
"FIA_timberland","OK",-608.242580160714,0.309097939256454,0.128811558195735,"N/S","not sig"
"FIA_timberland","MA",258.087752400578,-0.0998885729589175,0.0402003361080295,"N/S","not sig"
"FIA_timberland","VA",74.6088206964969,-0.00691006677398452,0.00185856737556238,"N/S","not sig"
"FIA_timberland","GA",288.49047898149,-0.110878150989262,0.373066870816351,"0.01","decrease"
"FIA_timberland","LA",-54.6660935867337,0.0536848973632879,0.00531126892138321,"N/S","not sig"
"FIA_timberland","AL",-69.919556427886,0.0698354848875805,0.179515703308451,"N/S","not sig"
"FIA_timberland","PA",-303.164809532075,0.177961330488173,0.397466893509708,"0.01","increase"
"FIA_timberland","MO",-234.017791027887,0.132866304233412,0.267947619631633,"0.05","increase"
"FIA_timberland","TN",156.211273801115,-0.0525953338937315,0.124463161406444,"N/S","not sig"
"FIA_timberland","NY",235.966120708004,-0.0918502979689989,0.10809298206466,"N/S","not sig"
"FIA_timberland","ME",271.603616393334,-0.0924284478290834,0.416480383727232,"0.01","decrease"
"FIA_timberland","MS",337.424915718853,-0.135981634259824,0.313238243520282,"N/S","not sig"
"FIA_timberland","WV",411.781475365828,-0.167196950843894,0.254416902291566,"0.05","decrease"
"FIA_timberland","OH",239.902440653609,-0.105164822839494,0.163914114046113,"N/S","not sig"
"FIA_timberland","MD",7.39287760663418,0.0133750157048478,0.000418944123365663,"N/S","not sig"
"FIA_timberland","SC",221.612652521642,-0.0771185862809391,0.275507570914178,"0.05","decrease"
"FIA_timberland","NH",364.399506365198,-0.142401825638219,0.088713587139504,"N/S","not sig"
"FIA_timberland","NJ",435.384929440366,-0.198408566150776,0.0611463032145884,"N/S","not sig"
"FIA_timberland","VT",609.329406539969,-0.266938424038803,0.368829245674321,"0.01","decrease"
"FIA_timberland","CT",-528.130349409413,0.289955640728803,0.141112931287734,"N/S","not sig"
"FIA_timberland","DE",436.894193961142,-0.203683413310625,0.0610760097217678,"N/S","not sig"
"FIA_timberland","RI",27.869571547435,0.0116809880518114,0.000149211558534336,"N/S","not sig"
"FIA_timberland","IA",-10.7321908274024,0.0090732046822277,0.00617515015824756,"N/S","not sig"
"FIA_timberland","WI",-315.096738807783,0.179953487288809,0.591911884933827,"0.01","increase"
"FIA_timberland","AR",-223.624334344911,0.138408761081928,0.499307031033848,"0.01","increase"
"FIA_timberland","KY",-13.3175797386474,0.0305699395432686,0.0150829675283579,"N/S","not sig"
"FIA_timberland","IN",-107.272802353878,0.0632553178112619,0.110275036615389,"N/S","not sig"
"Hansen_GFC","TX",259.905158955705,-0.12550500613578,0.995595361079816,"0.01","decrease"
"Hansen_GFC","FL",1154.8820418993,-0.559104829248041,0.997577065597244,"0.01","decrease"
"Hansen_GFC","CONUS",417.898207864481,-0.197241621764005,0.999309009261232,"0.01","decrease"
"Hansen_GFC","CA",333.346755051445,-0.15849413479698,0.982847709386886,"0.01","decrease"
"Hansen_GFC","MT",248.398689093534,-0.117471380268757,0.959941472872451,"0.01","decrease"
"Hansen_GFC","NV",6.78700412777983,-0.00287349017441112,0.955186760738835,"0.01","decrease"
"Hansen_GFC","AZ",40.957791007792,-0.0191144077574041,0.952414309702611,"0.01","decrease"
"Hansen_GFC","UT",57.3964742119735,-0.0260340774435589,0.979064990510711,"0.01","decrease"
"Hansen_GFC","KS",6.55404008995394,-0.00204216074674816,0.989313620557971,"0.01","decrease"
"Hansen_GFC","WY",106.120890609369,-0.0496609865545467,0.988603009258232,"0.01","decrease"
"Hansen_GFC","NE",3.6150789540889,-0.00144287334401415,0.958345153169228,"0.01","decrease"
"Hansen_GFC","NM",43.2669969056483,-0.0197604160332708,0.961998075265201,"0.01","decrease"
"Hansen_GFC","SD",38.3596225301333,-0.0185722048547643,0.926422352172358,"0.01","decrease"
"Hansen_GFC","ID",495.007814570152,-0.235147618066394,0.992614957772281,"0.01","decrease"
"Hansen_GFC","ND",3.16644840117299,-0.00104008419566634,0.901821323350654,"0.01","decrease"
"Hansen_GFC","IL",23.1696806772812,-0.00571638754100789,0.963195263917075,"0.01","decrease"
"Hansen_GFC","WA",837.207293232357,-0.398656071049715,0.995519472683598,"0.01","decrease"
"Hansen_GFC","CO",105.020979241457,-0.0474397372262635,0.973831185097465,"0.01","decrease"
"Hansen_GFC","MN",306.694908296821,-0.13860332372119,0.996313751027231,"0.01","decrease"
"Hansen_GFC","OR",611.149054493881,-0.290741947356861,0.993084671408596,"0.01","decrease"
"Hansen_GFC","MI",359.848926230111,-0.155468892156464,0.993388198822275,"0.01","decrease"
"Hansen_GFC","NC",1325.37514626653,-0.636043391830697,0.999012671288076,"0.01","decrease"
"Hansen_GFC","OK",202.063886037629,-0.0945451911986123,0.995856969827745,"0.01","decrease"
"Hansen_GFC","MA",268.271157865117,-0.102423264412886,0.977881633211714,"0.01","decrease"
"Hansen_GFC","VA",1069.16622247863,-0.5053444410604,0.99894189717094,"0.01","decrease"
"Hansen_GFC","GA",1952.51313571759,-0.949224409631896,0.999632122838732,"0.01","decrease"
"Hansen_GFC","LA",1601.62650987908,-0.777463042902775,0.995803247278163,"0.01","decrease"
"Hansen_GFC","AL",2168.83840887412,-1.05464235789038,0.999297237235006,"0.01","decrease"
"Hansen_GFC","PA",252.948185940462,-0.0980564218155193,0.997164592514874,"0.01","decrease"
"Hansen_GFC","MO",200.264186267744,-0.084534942924457,0.989509445680314,"0.01","decrease"
"Hansen_GFC","TN",584.810804326819,-0.267512125389687,0.993084229647413,"0.01","decrease"
"Hansen_GFC","NY",164.976823370789,-0.0525168726672192,0.983178476892578,"0.01","decrease"
"Hansen_GFC","ME",1116.08789203131,-0.519913674304109,0.997364393603482,"0.01","decrease"
"Hansen_GFC","MS",1836.49815336424,-0.891186679901509,0.99898473684332,"0.01","decrease"
"Hansen_GFC","WV",415.744677542624,-0.170404229142458,0.989693960146596,"0.01","decrease"
"Hansen_GFC","OH",151.432749686971,-0.0616762596803722,0.997969969167975,"0.01","decrease"
"Hansen_GFC","MD",224.340907745273,-0.0928218117005168,0.990975622374594,"0.01","decrease"
"Hansen_GFC","SC",1927.58920827314,-0.935948561137849,0.999590117515232,"0.01","decrease"
"Hansen_GFC","NH",674.995972831843,-0.297404544512392,0.994586255714441,"0.01","decrease"
"Hansen_GFC","NJ",171.243160731778,-0.0630265264989511,0.989859179837304,"0.01","decrease"
"Hansen_GFC","VT",272.343094716114,-0.0988866194832296,0.993823084922753,"0.01","decrease"
"Hansen_GFC","CT",210.662168586447,-0.0717742712006433,0.985716548919642,"0.01","decrease"
"Hansen_GFC","DE",254.869124492427,-0.114568846065031,0.993480826288159,"0.01","decrease"
"Hansen_GFC","RI",343.585222067267,-0.142183484617065,0.820064298530456,"0.01","decrease"
"Hansen_GFC","IA",9.78439944803334,-0.00209758941398876,0.946904366040122,"0.01","decrease"
"Hansen_GFC","WI",277.453602741104,-0.117888105400165,0.995047947385121,"0.01","decrease"
"Hansen_GFC","AR",1296.88242633773,-0.624135760280178,0.996556470491539,"0.01","decrease"
"Hansen_GFC","KY",279.463110314972,-0.116655184597569,0.996379811148426,"0.01","decrease"
"Hansen_GFC","IN",43.0003109763928,-0.012402832524791,0.953239840957305,"0.01","decrease"
"LCMAP_trees","TX",112.83858427708,-0.0507697152527072,0.304965645338535,"0.05","decrease"
"LCMAP_trees","FL",240.723083342136,-0.10952932044501,0.808595943115898,"0.01","decrease"
"LCMAP_trees","CONUS",106.765749378737,-0.0395800711054844,0.980831530309778,"0.01","decrease"
"LCMAP_trees","CA",249.767721968966,-0.112343396332616,0.943089448068275,"0.01","decrease"
"LCMAP_trees","MT",69.1529218177764,-0.0233480278040432,0.627252476556917,"0.01","decrease"
"LCMAP_trees","NV",50.9288655473753,-0.0197414071594158,0.973455766106962,"0.01","decrease"
"LCMAP_trees","AZ",140.602684793343,-0.0625933580709147,0.958213693299616,"0.01","decrease"
"LCMAP_trees","UT",118.02834964409,-0.0457070538453653,0.976026914101881,"0.01","decrease"
"LCMAP_trees","KS",-6.39065269876092,0.00493015371397401,0.925334613998157,"0.01","increase"
"LCMAP_trees","WY",18.6168655233468,-0.00286170297298519,0.15817379862049,"N/S","not sig"
"LCMAP_trees","NE",-14.3561278117253,0.00808143343812387,0.925398226518597,"0.01","increase"
"LCMAP_trees","NM",132.490432365726,-0.0577636187912639,0.989388787743697,"0.01","decrease"
"LCMAP_trees","SD",-12.6214541631861,0.00798579409984036,0.363762239054841,"0.01","increase"
"LCMAP_trees","ID",313.220176635767,-0.139192992519136,0.977862807797281,"0.01","decrease"
"LCMAP_trees","ND",-30.1308263993314,0.0158464888239138,0.99678207298267,"0.01","increase"
"LCMAP_trees","IL",18.9152581368379,-0.00156491559844079,0.22110506843818,"0.05","decrease"
"LCMAP_trees","WA",187.413394068225,-0.0713138121657988,0.871304173144067,"0.01","decrease"
"LCMAP_trees","CO",119.858802527471,-0.0451443231792823,0.942855720290254,"0.01","decrease"
"LCMAP_trees","MN",33.0792118202288,-0.00525300477606564,0.710456485930989,"0.01","decrease"
"LCMAP_trees","OR",85.3126494528474,-0.0231207764707562,0.364973030124763,"0.01","decrease"
"LCMAP_trees","MI",67.6018399068663,-0.0142278582763117,0.965863760883303,"0.01","decrease"
"LCMAP_trees","NC",149.238262690127,-0.0515800975694067,0.703369567926291,"0.01","decrease"
"LCMAP_trees","OK",82.6826595948949,-0.0300754186238132,0.274793168443617,"0.05","decrease"
"LCMAP_trees","MA",197.016071512096,-0.0714307791903263,0.98134050983377,"0.01","decrease"
"LCMAP_trees","VA",275.741390853822,-0.107072405093921,0.976953546144623,"0.01","decrease"
"LCMAP_trees","GA",329.740675894202,-0.140175415070811,0.742550708829548,"0.01","decrease"
"LCMAP_trees","LA",-12.2648004485508,0.0188449630033625,0.245936747497547,"0.05","increase"
"LCMAP_trees","AL",91.337148160683,-0.0162950220153979,0.121610378758893,"N/S","not sig"
"LCMAP_trees","PA",132.103916094339,-0.0347559567009473,0.996312899956967,"0.01","decrease"
"LCMAP_trees","MO",117.02004140347,-0.0391398011969931,0.989394271045197,"0.01","decrease"
"LCMAP_trees","TN",147.994976225421,-0.0470063399014679,0.809777338111368,"0.01","decrease"
"LCMAP_trees","NY",92.9491472815092,-0.0178487040844524,0.94243088797294,"0.01","decrease"
"LCMAP_trees","ME",152.563377908463,-0.0390985943596639,0.495882475979127,"0.01","decrease"
"LCMAP_trees","MS",-14.4719772188993,0.0293662694861161,0.318568261306892,"0.01","increase"
"LCMAP_trees","WV",216.194751037301,-0.0654283805487781,0.995602694726697,"0.01","decrease"
"LCMAP_trees","OH",89.2283162571463,-0.0280443357503161,0.997457664856547,"0.01","decrease"
"LCMAP_trees","MD",78.678775041188,-0.0218191638680263,0.802034007429474,"0.01","decrease"
"LCMAP_trees","SC",119.334015881542,-0.0387807044522785,0.12091176324894,"N/S","not sig"
"LCMAP_trees","NH",323.040954562898,-0.120990286367359,0.991391711921282,"0.01","decrease"
"LCMAP_trees","NJ",118.574966554688,-0.0443117753076975,0.855959569195251,"0.01","decrease"
"LCMAP_trees","VT",175.093168454969,-0.0495183547879372,0.980581488844763,"0.01","decrease"
"LCMAP_trees","CT",184.199040233431,-0.0626294201977575,0.978365694983229,"0.01","decrease"
"LCMAP_trees","DE",-13.7736637669497,0.0128765764818218,0.246296931667108,"0.05","increase"
"LCMAP_trees","RI",212.557068826832,-0.0822183197257494,0.923751800086921,"0.01","decrease"
"LCMAP_trees","IA",-4.11453246298817,0.0056004329541062,0.893934538502993,"0.01","increase"
"LCMAP_trees","WI",38.0849271045125,0.000645704842459556,0.0690499979107211,"N/S","not sig"
"LCMAP_trees","AR",137.105739540354,-0.0441091712804056,0.575145342313055,"0.01","decrease"
"LCMAP_trees","KY",163.554165996729,-0.0541012004446162,0.970466391011145,"0.01","decrease"
"LCMAP_trees","IN",33.9037660635788,-0.00500372877764442,0.705392902023463,"0.01","decrease"
"LCMAP_trees_woodywet","TX",146.395421754249,-0.066407113530158,0.411504945545141,"0.01","decrease"
"LCMAP_trees_woodywet","FL",454.818693621233,-0.209913364774115,0.908516522547802,"0.01","decrease"
"LCMAP_trees_woodywet","CONUS",134.7370046664,-0.0523197305295394,0.984308101109394,"0.01","decrease"
"LCMAP_trees_woodywet","CA",249.820442843547,-0.112342688560947,0.943134958522579,"0.01","decrease"
"LCMAP_trees_woodywet","MT",69.5590969478584,-0.0234720640200945,0.630346649032848,"0.01","decrease"
"LCMAP_trees_woodywet","NV",51.0714452538375,-0.0198064859048599,0.97353198336144,"0.01","decrease"
"LCMAP_trees_woodywet","AZ",142.008729494179,-0.0632771115925198,0.960251737846405,"0.01","decrease"
"LCMAP_trees_woodywet","UT",118.240287731206,-0.0457805962777884,0.975885804979324,"0.01","decrease"
"LCMAP_trees_woodywet","KS",-5.11291903678619,0.00443213323681501,0.908425958599796,"0.01","increase"
"LCMAP_trees_woodywet","WY",17.8166680994485,-0.00235328457452131,0.109419662885068,"N/S","not sig"
"LCMAP_trees_woodywet","NE",-12.9297101373342,0.007499678241106,0.914658624433515,"0.01","increase"
"LCMAP_trees_woodywet","NM",132.542456967552,-0.0577766514092549,0.989339574111357,"0.01","decrease"
"LCMAP_trees_woodywet","SD",-13.6039742886249,0.00851666824433064,0.36581565744541,"0.01","increase"
"LCMAP_trees_woodywet","ID",313.329144752901,-0.139180604507481,0.977847870482591,"0.01","decrease"
"LCMAP_trees_woodywet","ND",-30.8167880375781,0.0162983452415693,0.99724308963232,"0.01","increase"
"LCMAP_trees_woodywet","IL",21.4052750541687,-0.00221159796959548,0.291030726533402,"0.05","decrease"
"LCMAP_trees_woodywet","WA",190.962658176575,-0.0727297295995616,0.874378678080288,"0.01","decrease"
"LCMAP_trees_woodywet","CO",120.609137201231,-0.0453418039964501,0.942932554418424,"0.01","decrease"
"LCMAP_trees_woodywet","MN",70.0458058230491,-0.0185062214847749,0.954056558897498,"0.01","decrease"
"LCMAP_trees_woodywet","OR",86.3575142368267,-0.0235756766986849,0.374536763627274,"0.01","decrease"
"LCMAP_trees_woodywet","MI",114.002010773571,-0.0314791208611889,0.980921823680351,"0.01","decrease"
"LCMAP_trees_woodywet","NC",280.49359519692,-0.114617136349248,0.92498667957058,"0.01","decrease"
"LCMAP_trees_woodywet","OK",84.4399291042062,-0.030812845892593,0.283670123833851,"0.05","decrease"
"LCMAP_trees_woodywet","MA",221.880494196723,-0.0811038601925037,0.98450256600369,"0.01","decrease"
"LCMAP_trees_woodywet","VA",308.623552427621,-0.122185739881335,0.982284428459183,"0.01","decrease"
"LCMAP_trees_woodywet","GA",564.331043069704,-0.25142590715555,0.869903883640814,"0.01","decrease"
"LCMAP_trees_woodywet","LA",146.926601013971,-0.0561284182278246,0.621988547336201,"0.01","decrease"
"LCMAP_trees_woodywet","AL",207.119258890631,-0.0708971579209856,0.683883741039641,"0.01","decrease"
"LCMAP_trees_woodywet","PA",134.97271148503,-0.0356337030303893,0.996639890456197,"0.01","decrease"
"LCMAP_trees_woodywet","MO",120.261248786115,-0.0402453530979753,0.990237000036981,"0.01","decrease"
"LCMAP_trees_woodywet","TN",157.541948291962,-0.0508540487262368,0.83780682972917,"0.01","decrease"
"LCMAP_trees_woodywet","NY",106.315256930787,-0.0224503500774096,0.951276381769415,"0.01","decrease"
"LCMAP_trees_woodywet","ME",187.062198249083,-0.0526990476259478,0.620087966054393,"0.01","decrease"
"LCMAP_trees_woodywet","MS",158.816014373595,-0.0527230542669779,0.482085598323906,"0.01","decrease"
"LCMAP_trees_woodywet","WV",216.305558191931,-0.0654410144404023,0.995560450339613,"0.01","decrease"
"LCMAP_trees_woodywet","OH",91.5406707609819,-0.0288633710688184,0.997419704180856,"0.01","decrease"
"LCMAP_trees_woodywet","MD",111.444914614033,-0.0346825319523453,0.783897307856432,"0.01","decrease"
"LCMAP_trees_woodywet","SC",264.838980924893,-0.105974877771378,0.420554874916934,"0.01","decrease"
"LCMAP_trees_woodywet","NH",342.257221468458,-0.129091785168703,0.991965780177608,"0.01","decrease"
"LCMAP_trees_woodywet","NJ",161.747019002544,-0.0598470932213177,0.913745806448269,"0.01","decrease"
"LCMAP_trees_woodywet","VT",186.914565662421,-0.0541849322659398,0.981692841221102,"0.01","decrease"
"LCMAP_trees_woodywet","CT",199.509421974842,-0.0678710409355385,0.980926477215149,"0.01","decrease"
"LCMAP_trees_woodywet","DE",80.2493124919433,-0.0272573424546104,0.566037083381996,"0.01","decrease"
"LCMAP_trees_woodywet","RI",229.503876360454,-0.0876116116841745,0.925027290970948,"0.01","decrease"
"LCMAP_trees_woodywet","IA",-2.12497004835963,0.00495571920594252,0.829635153241475,"0.01","increase"
"LCMAP_trees_woodywet","WI",69.4681637031005,-0.0114502477802419,0.914318709972836,"0.01","decrease"
"LCMAP_trees_woodywet","AR",202.712665057529,-0.0747132925497739,0.800813297212781,"0.01","decrease"
"LCMAP_trees_woodywet","KY",169.074262181604,-0.0564492735390373,0.974449544746618,"0.01","decrease"
"LCMAP_trees_woodywet","IN",36.4081296792719,-0.00582995087488026,0.735606012501585,"0.01","decrease"
"LCMS_forest","TX",-242.286954122985,0.133387583416658,0.637728831633167,"0.01","increase"
"LCMS_forest","FL",1.23338065446779,0.0307114250747784,0.24668030994818,"0.05","increase"
"LCMS_forest","CONUS",-53.1155822166896,0.0459468557239668,0.940719601275162,"0.01","increase"
"LCMS_forest","CA",73.4206942466018,-0.0166134816350158,0.236976071203524,"0.05","decrease"
"LCMS_forest","MT",-6.59828004942746,0.0173499400978681,0.616717930511907,"0.01","increase"
"LCMS_forest","NV",-47.3819091951758,0.0297874858890987,0.747500727808776,"0.01","increase"
"LCMS_forest","AZ",-68.4245319922859,0.0451289415043056,0.614271216176285,"0.01","increase"
"LCMS_forest","UT",-3.93775259657329,0.0155681726487733,0.181936878511444,"N/S","not sig"
"LCMS_forest","KS",-128.372456358008,0.0681247667754045,0.90745519704136,"0.01","increase"
"LCMS_forest","WY",-35.0895907268084,0.026289249025653,0.888849193265864,"0.01","increase"
"LCMS_forest","NE",-92.5339455124309,0.0485892254389063,0.852125714990029,"0.01","increase"
"LCMS_forest","NM",36.8650409455172,-0.00719721517148453,0.112416737765095,"N/S","not sig"
"LCMS_forest","SD",-59.2616995587958,0.0322960690779646,0.47495648496552,"0.01","increase"
"LCMS_forest","ID",48.8606916292351,-0.00246818646068662,0.0187988566155315,"N/S","not sig"
"LCMS_forest","ND",-87.8137134806495,0.0456090866784811,0.68137500894413,"0.01","increase"
"LCMS_forest","IL",-137.881066003249,0.0781497358227285,0.996684319277927,"0.01","increase"
"LCMS_forest","WA",50.7093772860301,0.00398746746819291,0.0159669891538861,"N/S","not sig"
"LCMS_forest","CO",-17.9726175175516,0.0266543944200604,0.503664128450658,"0.01","increase"
"LCMS_forest","MN",-0.0855869528449997,0.0209218570563055,0.865925595343254,"0.01","increase"
"LCMS_forest","OR",26.4968710876744,0.0121118784093599,0.136344064480357,"N/S","not sig"
"LCMS_forest","MI",-1.72568559545436,0.0320177407066336,0.952626862811232,"0.01","increase"
"LCMS_forest","NC",-56.3757500575994,0.0637565144882524,0.95067885954056,"0.01","increase"
"LCMS_forest","OK",-186.750773620475,0.109119952487599,0.659552296487708,"0.01","increase"
"LCMS_forest","MA",199.67540082269,-0.0620432249282244,0.76439344505844,"0.01","decrease"
"LCMS_forest","VA",-83.7280207836199,0.0791537175279139,0.939211356721365,"0.01","increase"
"LCMS_forest","GA",36.9496874967459,0.0197334386305127,0.573140023966436,"0.01","increase"
"LCMS_forest","LA",-153.005662376694,0.106534846912808,0.940217336051576,"0.01","increase"
"LCMS_forest","AL",-44.3902108567228,0.0620447809571641,0.909727197551129,"0.01","increase"
"LCMS_forest","PA",-70.3847998151622,0.0695209877417821,0.948306394276346,"0.01","increase"
"LCMS_forest","MO",-53.9464052491261,0.0494483230308121,0.900258959656291,"0.01","increase"
"LCMS_forest","TN",-118.537244642542,0.092176680545957,0.976865911468949,"0.01","increase"
"LCMS_forest","NY",-2.72831827316853,0.0372732901181807,0.775473936966984,"0.01","increase"
"LCMS_forest","ME",78.6579196745696,0.00746587881016567,0.57076791596507,"0.01","increase"
"LCMS_forest","MS",-99.3618060732276,0.0865229593928286,0.902773356593594,"0.01","increase"
"LCMS_forest","WV",-17.2598061696059,0.0533558752383757,0.953562334006451,"0.01","increase"
"LCMS_forest","OH",-110.462525886072,0.0748260418825717,0.941606325993635,"0.01","increase"
"LCMS_forest","MD",-218.479733633373,0.134366343981221,0.950051974239269,"0.01","increase"
"LCMS_forest","SC",-73.0046169030651,0.0745386044329748,0.931592066159521,"0.01","increase"
"LCMS_forest","NH",130.235189338243,-0.0190627426957865,0.740718941835964,"0.01","decrease"
"LCMS_forest","NJ",56.7011508733205,-0.000597531113182231,0.000891571706138187,"N/S","not sig"
"LCMS_forest","VT",26.9389259146315,0.0301477191250077,0.883902260813421,"0.01","increase"
"LCMS_forest","CT",341.576534494209,-0.131696527427242,0.784953529833301,"0.01","decrease"
"LCMS_forest","DE",-211.955929080561,0.122955175619847,0.956118691453497,"0.01","increase"
"LCMS_forest","RI",203.697814028171,-0.0661354186717725,0.956066279437711,"0.01","decrease"
"LCMS_forest","IA",-55.3133799611928,0.0338370319147506,0.919578298999525,"0.01","increase"
"LCMS_forest","WI",-47.0818235780493,0.0520208748012125,0.972111978560288,"0.01","increase"
"LCMS_forest","AR",-45.1560871516082,0.0550184989352286,0.946654176151904,"0.01","increase"
"LCMS_forest","KY",-210.011585543506,0.13566595823472,0.973299912673111,"0.01","increase"
"LCMS_forest","IN",-104.621510104779,0.0660648160751478,0.991330937882629,"0.01","increase"
"LCMS_all_trees_mixes","TX",-229.515518508019,0.127987803364032,0.593711005872216,"0.01","increase"
"LCMS_all_trees_mixes","FL",-210.307327936781,0.135787459292241,0.724981313897674,"0.01","increase"
"LCMS_all_trees_mixes","CONUS",-47.125750526022,0.0436200179505909,0.894838822008118,"0.01","increase"
"LCMS_all_trees_mixes","CA",56.1710136969027,-0.00594975236716738,0.0332973463765407,"N/S","not sig"
"LCMS_all_trees_mixes","MT",-28.4003112652375,0.0287771970854992,0.624245383851299,"0.01","increase"
"LCMS_all_trees_mixes","NV",-56.5407649691253,0.0348951094101135,0.632715399230767,"0.01","increase"
"LCMS_all_trees_mixes","AZ",-126.58885343679,0.0760393687869629,0.719104158420896,"0.01","increase"
"LCMS_all_trees_mixes","UT",2.35611366283473,0.0133087745764892,0.0767721037317953,"N/S","not sig"
"LCMS_all_trees_mixes","KS",-73.0022518754588,0.0404678329819647,0.882557872243635,"0.01","increase"
"LCMS_all_trees_mixes","WY",-47.1097376248088,0.0326377105931394,0.857412737377404,"0.01","increase"
"LCMS_all_trees_mixes","NE",-78.7773283181557,0.0416302533799129,0.863167830214505,"0.01","increase"
"LCMS_all_trees_mixes","NM",23.5151562608345,0.000557801553452749,0.000440512180103595,"N/S","not sig"
"LCMS_all_trees_mixes","SD",-37.5157802730656,0.0214322456370094,0.523446849590606,"0.01","increase"
"LCMS_all_trees_mixes","ID",63.5228164717465,-0.00944456652762766,0.0930121009530541,"N/S","not sig"
"LCMS_all_trees_mixes","ND",-40.9131519256974,0.0220694411912902,0.793915982042659,"0.01","increase"
"LCMS_all_trees_mixes","IL",-154.142824648178,0.0872536423076618,0.966904163539767,"0.01","increase"
"LCMS_all_trees_mixes","WA",62.2109386131508,-0.00182564977884832,0.00143628043750939,"N/S","not sig"
"LCMS_all_trees_mixes","CO",4.67067103897295,0.0155503103778524,0.184320099951698,"N/S","not sig"
"LCMS_all_trees_mixes","MN",26.915742232096,0.00687161443736481,0.171042608668936,"N/S","not sig"
"LCMS_all_trees_mixes","OR",37.9901408465836,0.00679478294663481,0.0212503525431516,"N/S","not sig"
"LCMS_all_trees_mixes","MI",5.52056794639207,0.0286643096279971,0.40500027244015,"0.01","increase"
"LCMS_all_trees_mixes","NC",-67.6575448700868,0.0706010088927433,0.687624164634485,"0.01","increase"
"LCMS_all_trees_mixes","OK",7.03388993066199,0.0122064224297656,0.0348920314658606,"N/S","not sig"
"LCMS_all_trees_mixes","MA",95.4612548196803,-0.00537824057098402,0.01926395260326,"N/S","not sig"
"LCMS_all_trees_mixes","VA",-68.1039190623522,0.0729172348074583,0.820415577022283,"0.01","increase"
"LCMS_all_trees_mixes","GA",57.933402694461,0.00911400220538178,0.0208988990643888,"N/S","not sig"
"LCMS_all_trees_mixes","LA",-134.105491571962,0.0970936998410324,0.930273699567935,"0.01","increase"
"LCMS_all_trees_mixes","AL",-61.4410005624023,0.0705855969848933,0.607115211374838,"0.01","increase"
"LCMS_all_trees_mixes","PA",51.7898760313407,0.010451411539731,0.111321781961129,"N/S","not sig"
"LCMS_all_trees_mixes","MO",-110.194594707461,0.0788133379408699,0.843673850199207,"0.01","increase"
"LCMS_all_trees_mixes","TN",-78.510325485343,0.0743086820907198,0.868749503130547,"0.01","increase"
"LCMS_all_trees_mixes","NY",49.097763346739,0.0127567939495303,0.150446633969475,"N/S","not sig"
"LCMS_all_trees_mixes","ME",120.784607367217,-0.0137935217718304,0.148346665793029,"N/S","not sig"
"LCMS_all_trees_mixes","MS",-162.830655111119,0.117735877535006,0.83316141456815,"0.01","increase"
"LCMS_all_trees_mixes","WV",88.5611110743776,0.00105526446579416,0.0116835935038009,"N/S","not sig"
"LCMS_all_trees_mixes","OH",-92.7110764411365,0.0681093665998405,0.832230527385559,"0.01","increase"
"LCMS_all_trees_mixes","MD",-392.89783363516,0.225049588984188,0.995121640883823,"0.01","increase"
"LCMS_all_trees_mixes","SC",-65.4181892737441,0.0707328506068739,0.38451438819777,"0.01","increase"
"LCMS_all_trees_mixes","NH",176.950342982372,-0.0414848330361406,0.775198711658683,"0.01","decrease"
"LCMS_all_trees_mixes","NJ",-178.579408036592,0.122033622665102,0.964831690381732,"0.01","increase"
"LCMS_all_trees_mixes","VT",106.1400490651,-0.00940264794826054,0.226744798277804,"0.05","decrease"
"LCMS_all_trees_mixes","CT",231.563534101849,-0.0722606622740034,0.715255584465107,"0.01","decrease"
"LCMS_all_trees_mixes","DE",-524.128783073813,0.281185534576478,0.992400693949568,"0.01","increase"
"LCMS_all_trees_mixes","RI",59.2694848079575,0.0108534423343654,0.0411324349334204,"N/S","not sig"
"LCMS_all_trees_mixes","IA",-38.1742753311483,0.0252025406734799,0.823916050826977,"0.01","increase"
"LCMS_all_trees_mixes","WI",-32.011218667641,0.0442521985341269,0.870749527139248,"0.01","increase"
"LCMS_all_trees_mixes","AR",7.01521505952158,0.0289626172126117,0.628562463205126,"0.01","increase"
"LCMS_all_trees_mixes","KY",-160.477528729519,0.112579461365966,0.985603478241968,"0.01","increase"
"LCMS_all_trees_mixes","IN",-110.232199798516,0.0699854256504168,0.945987891749295,"0.01","increase"
"LCMS_trees","TX",-42.1272809143168,0.0314144433732421,0.0922601944242919,"N/S","not sig"
"LCMS_trees","FL",-156.555948554933,0.107538858950675,0.640384967451056,"0.01","increase"
"LCMS_trees","CONUS",40.6024587298996,-0.00240472141293818,0.0866934403516711,"N/S","not sig"
"LCMS_trees","CA",108.959006919716,-0.0367305048318343,0.630865959221739,"0.01","decrease"
"LCMS_trees","MT",139.954780269437,-0.0576227742223112,0.920444061829682,"0.01","decrease"
"LCMS_trees","NV",12.677045400197,-0.00217661409504477,0.0266317855404124,"N/S","not sig"
"LCMS_trees","AZ",37.2339928644854,-0.0107423157811438,0.0423701594793589,"N/S","not sig"
"LCMS_trees","UT",90.0347014901932,-0.0348514420610165,0.601264552290628,"0.01","decrease"
"LCMS_trees","KS",-26.6986466001736,0.0171004705193803,0.469673260245926,"0.01","increase"
"LCMS_trees","WY",75.3779877682216,-0.0306499972190585,0.936350495274254,"0.01","decrease"
"LCMS_trees","NE",-56.0667629410869,0.0299938938427055,0.862281139651422,"0.01","increase"
"LCMS_trees","NM",151.415542673089,-0.0679779593454931,0.914117883493058,"0.01","decrease"
"LCMS_trees","SD",-6.6074399169053,0.00562345891121921,0.113341028011357,"N/S","not sig"
"LCMS_trees","ID",384.837488566918,-0.173279836007005,0.968847293448373,"0.01","decrease"
"LCMS_trees","ND",-24.2346040125961,0.0135182933494962,0.660143527053325,"0.01","increase"
"LCMS_trees","IL",-111.505367580225,0.0651910698466961,0.972328316853343,"0.01","increase"
"LCMS_trees","WA",140.207417459923,-0.0426746837122247,0.522740714743621,"0.01","decrease"
"LCMS_trees","CO",124.953589737862,-0.0476011654954633,0.772088161360506,"0.01","decrease"
"LCMS_trees","MN",28.4505645923473,0.00581952214376016,0.183370800416501,"N/S","not sig"
"LCMS_trees","OR",31.0613168512377,0.00721407151651898,0.0569611861072935,"N/S","not sig"
"LCMS_trees","MI",15.1494223411003,0.0229731478890131,0.488113732406139,"0.01","increase"
"LCMS_trees","NC",-10.0122905830021,0.0397470025150217,0.560929338333556,"0.01","increase"
"LCMS_trees","OK",95.4195965663096,-0.0332983329998408,0.192846771732732,"N/S","not sig"
"LCMS_trees","MA",120.125381976458,-0.0184911381885063,0.218191226693289,"0.05","decrease"
"LCMS_trees","VA",46.460244603105,0.0134066003531399,0.268426127951638,"0.05","increase"
"LCMS_trees","GA",92.9917193421263,-0.0101614066099908,0.0237156907183761,"N/S","not sig"
"LCMS_trees","LA",-113.310631063252,0.0854995268482269,0.87263454705679,"0.01","increase"
"LCMS_trees","AL",-42.2284658568361,0.0589174766090498,0.604990667902889,"0.01","increase"
"LCMS_trees","PA",64.2534120214437,0.00301865383473803,0.0202258825924041,"N/S","not sig"
"LCMS_trees","MO",86.0520049596076,-0.0207986510854181,0.250701901012398,"0.05","decrease"
"LCMS_trees","TN",48.0930365116865,0.00802588566821367,0.148959788653754,"N/S","not sig"
"LCMS_trees","NY",13.81516649094,0.0292086563630034,0.534077834855725,"0.01","increase"
"LCMS_trees","ME",123.536288285232,-0.0155399608948753,0.152258766664367,"N/S","not sig"
"LCMS_trees","MS",-139.117424784524,0.104082723930147,0.808271966994475,"0.01","increase"
"LCMS_trees","WV",170.443074421877,-0.0412131294759813,0.911245557081513,"0.01","decrease"
"LCMS_trees","OH",0.710176273426632,0.0197504084401432,0.361379642351795,"0.01","increase"
"LCMS_trees","MD",-340.225237719422,0.197029760757389,0.99094917308124,"0.01","increase"
"LCMS_trees","SC",-71.8445507929471,0.072102811805256,0.392106356976302,"0.01","increase"
"LCMS_trees","NH",193.154053348576,-0.050079972022174,0.854929689378894,"0.01","decrease"
"LCMS_trees","NJ",-128.216360399548,0.0956869525483255,0.96719398199551,"0.01","increase"
"LCMS_trees","VT",85.6167145791312,0.000286774174344573,0.000344629024560762,"N/S","not sig"
"LCMS_trees","CT",279.289559012006,-0.0969566702975719,0.794299583419632,"0.01","decrease"
"LCMS_trees","DE",-430.934451189526,0.233402944919256,0.969778453943002,"0.01","increase"
"LCMS_trees","RI",95.8917834189436,-0.00823916975972252,0.0234508267497896,"N/S","not sig"
"LCMS_trees","IA",-33.901628548033,0.0227292864140939,0.787674316031815,"0.01","increase"
"LCMS_trees","WI",-51.6472363533779,0.0533145073104951,0.957448565828271,"0.01","increase"
"LCMS_trees","AR",116.745624656726,-0.0272613055077617,0.54198385274229,"0.01","decrease"
"LCMS_trees","KY",44.2458187123223,0.00749076081603176,0.113226497718423,"N/S","not sig"
"LCMS_trees","IN",-51.1201453086663,0.0396087327874693,0.863255579817821,"0.01","increase"
"LCMS_trees_shrubs_mix","TX",-50.1961761860355,0.035543223792269,0.114917997232386,"N/S","not sig"
"LCMS_trees_shrubs_mix","FL",-156.552101960977,0.107536989956835,0.640381286486342,"0.01","increase"
"LCMS_trees_shrubs_mix","CONUS",33.9050997108474,0.00103355741842661,0.0171419649738105,"N/S","not sig"
"LCMS_trees_shrubs_mix","CA",107.632985408552,-0.0360008472571998,0.617767623559765,"0.01","decrease"
"LCMS_trees_shrubs_mix","MT",126.189121826657,-0.05053946307326,0.898403109101783,"0.01","decrease"
"LCMS_trees_shrubs_mix","NV",3.88437165842673,0.0022913016902081,0.0254605056814994,"N/S","not sig"
"LCMS_trees_shrubs_mix","AZ",18.6803992951655,-0.00136766749772858,0.000723968048895195,"N/S","not sig"
"LCMS_trees_shrubs_mix","UT",67.0169544328672,-0.0229098738192552,0.381504166799305,"0.01","decrease"
"LCMS_trees_shrubs_mix","KS",-26.6864226565535,0.0170944272830133,0.469527398706165,"0.01","increase"
"LCMS_trees_shrubs_mix","WY",53.9488902572416,-0.0196652726324099,0.842348580124929,"0.01","decrease"
"LCMS_trees_shrubs_mix","NE",-56.2404207324502,0.0300859748713902,0.859715226730585,"0.01","increase"
"LCMS_trees_shrubs_mix","NM",134.303495385176,-0.059344994209065,0.881254728510798,"0.01","decrease"
"LCMS_trees_shrubs_mix","SD",-11.7251224393923,0.0082271596428036,0.211687478232673,"0.05","increase"
"LCMS_trees_shrubs_mix","ID",349.260584703444,-0.155011756826833,0.960621808979928,"0.01","decrease"
"LCMS_trees_shrubs_mix","ND",-22.1221169731326,0.0125207433966446,0.653397859888348,"0.01","increase"
"LCMS_trees_shrubs_mix","IL",-111.505486999817,0.0651911305668134,0.972328388261064,"0.01","increase"
"LCMS_trees_shrubs_mix","WA",134.798141825209,-0.0399158264012739,0.492697465012473,"0.01","decrease"
"LCMS_trees_shrubs_mix","CO",99.4628519143691,-0.0343227653843531,0.586662248581439,"0.01","decrease"
"LCMS_trees_shrubs_mix","MN",28.4145640867113,0.00583848330641341,0.18404461198465,"N/S","not sig"
"LCMS_trees_shrubs_mix","OR",29.5130248947468,0.00802916108682501,0.0697279404285576,"N/S","not sig"
"LCMS_trees_shrubs_mix","MI",15.1428123515644,0.0229765037206321,0.488185581694938,"0.01","increase"
"LCMS_trees_shrubs_mix","NC",-10.0140442202972,0.0397479176353744,0.56095053247433,"0.01","increase"
"LCMS_trees_shrubs_mix","OK",95.3824332118534,-0.033279724090705,0.192742975133874,"N/S","not sig"
"LCMS_trees_shrubs_mix","MA",120.129269907372,-0.0184930408178157,0.218220419807882,"0.05","decrease"
"LCMS_trees_shrubs_mix","VA",46.4565672440041,0.013408464123674,0.268474706345302,"0.05","increase"
"LCMS_trees_shrubs_mix","GA",92.9904308276425,-0.0101607333773549,0.0237125734180349,"N/S","not sig"
"LCMS_trees_shrubs_mix","LA",-113.309213584031,0.0854988380496083,0.872632205606176,"0.01","increase"
"LCMS_trees_shrubs_mix","AL",-42.2309012294672,0.0589187044157425,0.605005747805489,"0.01","increase"
"LCMS_trees_shrubs_mix","PA",64.2590223881779,0.00301589294789666,0.0201898682825406,"N/S","not sig"
"LCMS_trees_shrubs_mix","MO",86.0513641001588,-0.0207983299191016,0.250696745737701,"0.05","decrease"
"LCMS_trees_shrubs_mix","TN",48.0888620292496,0.00802798220433597,0.149037056301082,"N/S","not sig"
"LCMS_trees_shrubs_mix","NY",13.81423586115,0.0292091908107039,0.534086458242501,"0.01","increase"
"LCMS_trees_shrubs_mix","ME",123.541685445782,-0.01554147584451,0.152244475531857,"N/S","not sig"
"LCMS_trees_shrubs_mix","MS",-139.11882096464,0.104083429959978,0.808275814658044,"0.01","increase"
"LCMS_trees_shrubs_mix","WV",170.428933070084,-0.0412059548633043,0.911281008751407,"0.01","decrease"
"LCMS_trees_shrubs_mix","OH",0.708831753604629,0.0197510823887622,0.36139859722791,"0.01","increase"
"LCMS_trees_shrubs_mix","MD",-340.226071582776,0.197030191394079,0.990949155946468,"0.01","increase"
"LCMS_trees_shrubs_mix","SC",-71.8418520847596,0.0721015089539998,0.392104147667406,"0.01","increase"
"LCMS_trees_shrubs_mix","NH",193.163651754357,-0.050081806625504,0.854838429122447,"0.01","decrease"
"LCMS_trees_shrubs_mix","NJ",-128.218548049723,0.0956880538999077,0.967194173490357,"0.01","increase"
"LCMS_trees_shrubs_mix","VT",85.621694730903,0.000284693441534839,0.000339606677394109,"N/S","not sig"
"LCMS_trees_shrubs_mix","CT",279.289062273229,-0.0969564113181188,0.794302204756462,"0.01","decrease"
"LCMS_trees_shrubs_mix","DE",-430.935257695586,0.233403347153293,0.969778307404304,"0.01","increase"
"LCMS_trees_shrubs_mix","RI",95.8897724973144,-0.00823815901778131,0.0234466707464172,"N/S","not sig"
"LCMS_trees_shrubs_mix","IA",-33.8960622254393,0.0227265322919929,0.787667267755412,"0.01","increase"
"LCMS_trees_shrubs_mix","WI",-51.6483192849574,0.053315119511286,0.957468219740154,"0.01","increase"
"LCMS_trees_shrubs_mix","AR",116.74404703575,-0.0272605056547326,0.54198254275735,"0.01","decrease"
"LCMS_trees_shrubs_mix","KY",44.2419310052245,0.00749271739861602,0.113273375095617,"N/S","not sig"
"LCMS_trees_shrubs_mix","IN",-51.1207141333023,0.0396090172067155,0.863260875400407,"0.01","increase"
"MODIS_1_IGBP","TX",17.3373736596909,-0.00726685498777531,0.0116755896754326,"N/S","not sig"
"MODIS_1_IGBP","FL",-7.92015366649419,0.0123658548606767,0.00471557148097481,"N/S","not sig"
"MODIS_1_IGBP","CONUS",31.2414443866699,-0.0076410963780493,0.0279538531477584,"N/S","not sig"
"MODIS_1_IGBP","CA",-3.11831711540344,0.00850355909291498,0.00709280953975691,"N/S","not sig"
"MODIS_1_IGBP","MT",395.6662604039,-0.193818100559163,0.873638375169877,"0.01","decrease"
"MODIS_1_IGBP","NV",-0.917561733670145,0.000462676242573861,0.250254692193425,"0.05","increase"
"MODIS_1_IGBP","AZ",15.229706970674,-0.0074513362760043,0.710045168586254,"0.01","decrease"
"MODIS_1_IGBP","UT",12.5653230192984,-0.00610124663228424,0.426869817258603,"0.01","decrease"
"MODIS_1_IGBP","KS",-4.02399054078653,0.00209180328083454,0.0514797803277225,"N/S","not sig"
"MODIS_1_IGBP","WY",43.3088980853846,-0.0212613171324543,0.832831293158183,"0.01","decrease"
"MODIS_1_IGBP","NE",-0.258800835549592,0.000150860758674488,0.0159450059756527,"N/S","not sig"
"MODIS_1_IGBP","NM",80.7147101400749,-0.0398781066178107,0.916423610998165,"0.01","decrease"
"MODIS_1_IGBP","SD",55.755037490036,-0.0275621212022931,0.929228701360112,"0.01","decrease"
"MODIS_1_IGBP","ID",407.082154796991,-0.195724066553477,0.875236834224048,"0.01","decrease"
"MODIS_1_IGBP","ND",8.30912004235574,-0.00406455854188566,0.302289437558746,"0.05","decrease"
"MODIS_1_IGBP","IL",78.7333369284136,-0.0372661508276822,0.325675500513141,"0.05","decrease"
"MODIS_1_IGBP","WA",204.952666642874,-0.0822348736110042,0.183528592990635,"N/S","not sig"
"MODIS_1_IGBP","CO",110.16332025123,-0.0539841925433221,0.73636864099454,"0.01","decrease"
"MODIS_1_IGBP","MN",-384.665396027556,0.200486631720507,0.628068965024151,"0.01","increase"
"MODIS_1_IGBP","OR",-184.812925614437,0.10633337140144,0.571156021709663,"0.01","increase"
"MODIS_1_IGBP","MI",34.4639371355641,-0.000114557292945441,2.42998884892509e-07,"N/S","not sig"
"MODIS_1_IGBP","NC",-94.2523487932163,0.0632542710478933,0.0935305908049207,"N/S","not sig"
"MODIS_1_IGBP","OK",-112.503321278339,0.0583471921707319,0.0976917324481397,"N/S","not sig"
"MODIS_1_IGBP","MA",443.577884145928,-0.193815579332954,0.410145045671955,"0.01","decrease"
"MODIS_1_IGBP","VA",105.60910706257,-0.0291679137525956,0.0125460481954088,"N/S","not sig"
"MODIS_1_IGBP","GA",309.018365413418,-0.139928974302719,0.167632511013904,"N/S","not sig"
"MODIS_1_IGBP","LA",-93.101192151551,0.0602063277474216,0.0383051709765807,"N/S","not sig"
"MODIS_1_IGBP","AL",-427.402168136254,0.230500732042961,0.221552609272976,"0.05","increase"
"MODIS_1_IGBP","PA",205.309914944836,-0.0778235197903016,0.238793908629254,"0.05","decrease"
"MODIS_1_IGBP","MO",152.04474030405,-0.0659082874083136,0.0719642478459939,"N/S","not sig"
"MODIS_1_IGBP","TN",271.58598523519,-0.114936997453466,0.206345379200455,"N/S","not sig"
"MODIS_1_IGBP","NY",70.803988074248,-0.00940896183390691,0.00589475990616171,"N/S","not sig"
"MODIS_1_IGBP","ME",-173.918713264336,0.129247269289231,0.197479065312694,"N/S","not sig"
"MODIS_1_IGBP","MS",-676.234681794522,0.353294701275416,0.550210442034621,"0.01","increase"
"MODIS_1_IGBP","WV",477.459088796887,-0.195620942466432,0.467425273760298,"0.01","decrease"
"MODIS_1_IGBP","OH",261.95784039287,-0.122178476337117,0.424152026248033,"0.01","decrease"
"MODIS_1_IGBP","MD",-115.912675949244,0.0692880674889456,0.13154883791027,"N/S","not sig"
"MODIS_1_IGBP","SC",-287.74223335156,0.157972691515641,0.200598264888687,"N/S","not sig"
"MODIS_1_IGBP","NH",89.7226467827932,-0.00222604959373021,0.000378049599801687,"N/S","not sig"
"MODIS_1_IGBP","NJ",-179.980280797634,0.103237263924233,0.239588221158089,"0.05","increase"
"MODIS_1_IGBP","VT",-107.877661052952,0.092042486647902,0.260681082031041,"0.05","increase"
"MODIS_1_IGBP","CT",838.77426534551,-0.3855657854731,0.625996777589446,"0.01","decrease"
"MODIS_1_IGBP","DE",-161.683530433925,0.0840178685618366,0.424767380050919,"0.01","increase"
"MODIS_1_IGBP","RI",793.878278414785,-0.366562016495693,0.411699845567,"0.01","decrease"
"MODIS_1_IGBP","IA",52.2137820924052,-0.0255361988534499,0.401636343244009,"0.01","decrease"
"MODIS_1_IGBP","WI",-123.711242209481,0.0752591243291758,0.0339101060956901,"N/S","not sig"
"MODIS_1_IGBP","AR",-555.888277521907,0.292185851512642,0.30189375685812,"0.05","increase"
"MODIS_1_IGBP","KY",448.403923277785,-0.203279208110093,0.462006839039573,"0.01","decrease"
"MODIS_1_IGBP","IN",234.387191495535,-0.111666667678207,0.527909811713836,"0.01","decrease"
"MODIS_2_UMD","TX",17.7744866855179,-0.00748280434701925,0.0123257496512456,"N/S","not sig"
"MODIS_2_UMD","FL",-4.45885879550239,0.0113695081979408,0.00386936747736592,"N/S","not sig"
"MODIS_2_UMD","CONUS",32.862062148657,-0.00840751488082624,0.0333478401165838,"N/S","not sig"
"MODIS_2_UMD","CA",-2.35539511922415,0.00813234071507134,0.00652906088856824,"N/S","not sig"
"MODIS_2_UMD","MT",396.005457653714,-0.193986343121096,0.873152527407078,"0.01","decrease"
"MODIS_2_UMD","NV",-0.906381327073558,0.000457123060489464,0.245414506625755,"0.05","increase"
"MODIS_2_UMD","AZ",15.229706970674,-0.0074513362760043,0.710045168586254,"0.01","decrease"
"MODIS_2_UMD","UT",12.5653230192984,-0.00610124663228424,0.426869817258603,"0.01","decrease"
"MODIS_2_UMD","KS",-4.02399054078653,0.00209180328083454,0.0514797803277225,"N/S","not sig"
"MODIS_2_UMD","WY",43.4132215057779,-0.0213131178076421,0.83201145475692,"0.01","decrease"
"MODIS_2_UMD","NE",-0.258800835549592,0.000150860758674488,0.0159450059756527,"N/S","not sig"
"MODIS_2_UMD","NM",80.7147101400749,-0.0398781066178107,0.916423610998165,"0.01","decrease"
"MODIS_2_UMD","SD",55.7712276981767,-0.0275701626964027,0.929209663678631,"0.01","decrease"
"MODIS_2_UMD","ID",407.995753880312,-0.196175480074081,0.874285286958957,"0.01","decrease"
"MODIS_2_UMD","ND",8.54552053488866,-0.00418162493752766,0.30115338946218,"0.05","decrease"
"MODIS_2_UMD","IL",78.963324574727,-0.0373802651484512,0.326568537698406,"0.05","decrease"
"MODIS_2_UMD","WA",214.172526523018,-0.0867250211027995,0.18952921914304,"N/S","not sig"
"MODIS_2_UMD","CO",110.175162949608,-0.0539900746782783,0.736299971465282,"0.01","decrease"
"MODIS_2_UMD","MN",-379.922490452231,0.198138461672875,0.616700565692855,"0.01","increase"
"MODIS_2_UMD","OR",-182.397273901743,0.105161967011975,0.561930933848029,"0.01","increase"
"MODIS_2_UMD","MI",40.3100441989818,-0.00291568530076159,0.00015055285485949,"N/S","not sig"
"MODIS_2_UMD","NC",-92.9707982998793,0.0626372014172174,0.0931845063775898,"N/S","not sig"
"MODIS_2_UMD","OK",-112.404907394931,0.0582983111028139,0.0976008112224895,"N/S","not sig"
"MODIS_2_UMD","MA",463.34373025392,-0.203586730738841,0.446106574977434,"0.01","decrease"
"MODIS_2_UMD","VA",104.970614032565,-0.0288309609765371,0.0123352351622208,"N/S","not sig"
"MODIS_2_UMD","GA",312.547451286889,-0.14164249092327,0.171729592049329,"N/S","not sig"
"MODIS_2_UMD","LA",-89.9697219129138,0.0594872238752554,0.0364757743171309,"N/S","not sig"
"MODIS_2_UMD","AL",-425.991645574344,0.229828892205396,0.220256542117689,"0.05","increase"
"MODIS_2_UMD","PA",206.765251500534,-0.0785459398340502,0.240609423893427,"0.05","decrease"
"MODIS_2_UMD","MO",152.110256332382,-0.0659408052339944,0.0720498253238385,"N/S","not sig"
"MODIS_2_UMD","TN",273.811600834633,-0.116041057646787,0.209878272954178,"0.05","decrease"
"MODIS_2_UMD","NY",82.017831392706,-0.0149565892725683,0.0138743075925365,"N/S","not sig"
"MODIS_2_UMD","ME",-153.555926153842,0.119387206985392,0.186994528685263,"N/S","not sig"
"MODIS_2_UMD","MS",-675.479269869816,0.352922762455964,0.549382671414852,"0.01","increase"
"MODIS_2_UMD","WV",477.510148842319,-0.19564630341615,0.467460252176745,"0.01","decrease"
"MODIS_2_UMD","OH",262.150765822225,-0.122272139517359,0.42412664544227,"0.01","decrease"
"MODIS_2_UMD","MD",-109.42721845183,0.0661228398486095,0.118856621068224,"N/S","not sig"
"MODIS_2_UMD","SC",-286.290876993647,0.157325093724458,0.201199265953128,"N/S","not sig"
"MODIS_2_UMD","NH",110.439543326231,-0.0123996194101517,0.0130980912828284,"N/S","not sig"
"MODIS_2_UMD","NJ",-179.331781842418,0.102915291416705,0.239280759363191,"0.05","increase"
"MODIS_2_UMD","VT",-98.3212991167537,0.0873431579094407,0.233033731825221,"0.05","increase"
"MODIS_2_UMD","CT",840.881710645096,-0.386590412900385,0.628070918575571,"0.01","decrease"
"MODIS_2_UMD","DE",-160.931129320184,0.0836441881750165,0.422335968107738,"0.01","increase"
"MODIS_2_UMD","RI",780.678957664813,-0.359623625447123,0.408658377614322,"0.01","decrease"
"MODIS_2_UMD","IA",52.4291601408431,-0.0256431354987842,0.4012939936919,"0.01","decrease"
"MODIS_2_UMD","WI",-120.706837353252,0.0738079402074525,0.0323406447502929,"N/S","not sig"
"MODIS_2_UMD","AR",-555.456385060267,0.291972363968403,0.301819988950003,"0.05","increase"
"MODIS_2_UMD","KY",450.651836815199,-0.204393200633765,0.466249869190474,"0.01","decrease"
"MODIS_2_UMD","IN",234.674629151201,-0.111809417508845,0.528491994832184,"0.01","decrease"
"MODIS_3_LAI","TX",17.7744866855179,-0.00748280434701925,0.0123257496512456,"N/S","not sig"
"MODIS_3_LAI","FL",-4.45885879550239,0.0113695081979408,0.00386936747736592,"N/S","not sig"
"MODIS_3_LAI","CONUS",32.862062148657,-0.00840751488082624,0.0333478401165838,"N/S","not sig"
"MODIS_3_LAI","CA",-2.35539511922415,0.00813234071507134,0.00652906088856824,"N/S","not sig"
"MODIS_3_LAI","MT",396.005457653714,-0.193986343121096,0.873152527407078,"0.01","decrease"
"MODIS_3_LAI","NV",-0.906381327073558,0.000457123060489464,0.245414506625755,"0.05","increase"
"MODIS_3_LAI","AZ",15.229706970674,-0.0074513362760043,0.710045168586254,"0.01","decrease"
"MODIS_3_LAI","UT",12.5653230192984,-0.00610124663228424,0.426869817258603,"0.01","decrease"
"MODIS_3_LAI","KS",-4.02399054078653,0.00209180328083454,0.0514797803277225,"N/S","not sig"
"MODIS_3_LAI","WY",43.4132215057779,-0.0213131178076421,0.83201145475692,"0.01","decrease"
"MODIS_3_LAI","NE",-0.258800835549592,0.000150860758674488,0.0159450059756527,"N/S","not sig"
"MODIS_3_LAI","NM",80.7147101400749,-0.0398781066178107,0.916423610998165,"0.01","decrease"
"MODIS_3_LAI","SD",55.7712276981767,-0.0275701626964027,0.929209663678631,"0.01","decrease"
"MODIS_3_LAI","ID",407.995753880312,-0.196175480074081,0.874285286958957,"0.01","decrease"
"MODIS_3_LAI","ND",8.54552053488866,-0.00418162493752766,0.30115338946218,"0.05","decrease"
"MODIS_3_LAI","IL",78.963324574727,-0.0373802651484512,0.326568537698406,"0.05","decrease"
"MODIS_3_LAI","WA",214.172526523018,-0.0867250211027995,0.18952921914304,"N/S","not sig"
"MODIS_3_LAI","CO",110.175162949608,-0.0539900746782783,0.736299971465282,"0.01","decrease"
"MODIS_3_LAI","MN",-379.922490452231,0.198138461672875,0.616700565692855,"0.01","increase"
"MODIS_3_LAI","OR",-182.397273901743,0.105161967011975,0.561930933848029,"0.01","increase"
"MODIS_3_LAI","MI",40.3100441989818,-0.00291568530076159,0.00015055285485949,"N/S","not sig"
"MODIS_3_LAI","NC",-92.9707982998793,0.0626372014172174,0.0931845063775898,"N/S","not sig"
"MODIS_3_LAI","OK",-112.404907394931,0.0582983111028139,0.0976008112224895,"N/S","not sig"
"MODIS_3_LAI","MA",463.34373025392,-0.203586730738841,0.446106574977434,"0.01","decrease"
"MODIS_3_LAI","VA",104.970614032565,-0.0288309609765371,0.0123352351622208,"N/S","not sig"
"MODIS_3_LAI","GA",312.547451286889,-0.14164249092327,0.171729592049329,"N/S","not sig"
"MODIS_3_LAI","LA",-89.9697219129138,0.0594872238752554,0.0364757743171309,"N/S","not sig"
"MODIS_3_LAI","AL",-425.991645574344,0.229828892205396,0.220256542117689,"0.05","increase"
"MODIS_3_LAI","PA",206.765251500534,-0.0785459398340502,0.240609423893427,"0.05","decrease"
"MODIS_3_LAI","MO",152.110256332382,-0.0659408052339944,0.0720498253238385,"N/S","not sig"
"MODIS_3_LAI","TN",273.811600834633,-0.116041057646787,0.209878272954178,"0.05","decrease"
"MODIS_3_LAI","NY",82.017831392706,-0.0149565892725683,0.0138743075925365,"N/S","not sig"
"MODIS_3_LAI","ME",-153.555926153842,0.119387206985392,0.186994528685263,"N/S","not sig"
"MODIS_3_LAI","MS",-675.479269869816,0.352922762455964,0.549382671414852,"0.01","increase"
"MODIS_3_LAI","WV",477.510148842319,-0.19564630341615,0.467460252176745,"0.01","decrease"
"MODIS_3_LAI","OH",262.150765822225,-0.122272139517359,0.42412664544227,"0.01","decrease"
"MODIS_3_LAI","MD",-109.42721845183,0.0661228398486095,0.118856621068224,"N/S","not sig"
"MODIS_3_LAI","SC",-286.290876993647,0.157325093724458,0.201199265953128,"N/S","not sig"
"MODIS_3_LAI","NH",110.439543326231,-0.0123996194101517,0.0130980912828284,"N/S","not sig"
"MODIS_3_LAI","NJ",-179.331781842418,0.102915291416705,0.239280759363191,"0.05","increase"
"MODIS_3_LAI","VT",-98.3212991167537,0.0873431579094407,0.233033731825221,"0.05","increase"
"MODIS_3_LAI","CT",840.881710645096,-0.386590412900385,0.628070918575571,"0.01","decrease"
"MODIS_3_LAI","DE",-160.931129320184,0.0836441881750165,0.422335968107738,"0.01","increase"
"MODIS_3_LAI","RI",780.678957664813,-0.359623625447123,0.408658377614322,"0.01","decrease"
"MODIS_3_LAI","IA",52.4291601408431,-0.0256431354987842,0.4012939936919,"0.01","decrease"
"MODIS_3_LAI","WI",-120.706837353252,0.0738079402074525,0.0323406447502929,"N/S","not sig"
"MODIS_3_LAI","AR",-555.456385060267,0.291972363968403,0.301819988950003,"0.05","increase"
"MODIS_3_LAI","KY",450.651836815199,-0.204393200633765,0.466249869190474,"0.01","decrease"
"MODIS_3_LAI","IN",234.674629151201,-0.111809417508845,0.528491994832184,"0.01","decrease"
"MODIS_4_BGC","TX",29.8564352334995,0.000587809854156238,3.07511029797368e-06,"N/S","not sig"
"MODIS_4_BGC","FL",349.149765506491,-0.131280036816501,0.740391121545897,"0.01","decrease"
"MODIS_4_BGC","CONUS",112.777330925413,-0.0340547591469292,0.219029156756399,"0.05","decrease"
"MODIS_4_BGC","CA",156.725005658375,-0.0550398137572131,0.26516744796482,"0.05","decrease"
"MODIS_4_BGC","MT",386.839279894348,-0.182768361368643,0.917418027364038,"0.01","decrease"
"MODIS_4_BGC","NV",-78.04553861762,0.047690910426307,0.0749684829220739,"N/S","not sig"
"MODIS_4_BGC","AZ",-179.725619500835,0.122590285727929,0.119073235117262,"N/S","not sig"
"MODIS_4_BGC","UT",358.705248755032,-0.166121869112116,0.444614674582676,"0.01","decrease"
"MODIS_4_BGC","KS",-129.039195240535,0.0652649117537771,0.519875605598634,"0.01","increase"
"MODIS_4_BGC","WY",169.080366232283,-0.0797078141091798,0.568649272326962,"0.01","decrease"
"MODIS_4_BGC","NE",-4.65086251493885,0.00236897257668701,0.120186730042489,"N/S","not sig"
"MODIS_4_BGC","NM",-16.508875572538,0.0268924144537163,0.00288083957872258,"N/S","not sig"
"MODIS_4_BGC","SD",45.2476877338,-0.021576645289695,0.702486651386769,"0.01","decrease"
"MODIS_4_BGC","ID",626.002192593155,-0.294927851408525,0.920882166499094,"0.01","decrease"
"MODIS_4_BGC","ND",-9.98671214295223,0.00521050319603584,0.115119875071386,"N/S","not sig"
"MODIS_4_BGC","IL",-25.0606707762774,0.0187781689163123,0.0121306826343735,"N/S","not sig"
"MODIS_4_BGC","WA",343.915705263861,-0.14369172504376,0.833228248059501,"0.01","decrease"
"MODIS_4_BGC","CO",293.920141388722,-0.135400602490091,0.787858353394104,"0.01","decrease"
"MODIS_4_BGC","MN",12.8806100858471,0.0181355682069566,0.00679727042562091,"N/S","not sig"
"MODIS_4_BGC","OR",42.8518493734566,0.000682220344634388,0.000205478788310796,"N/S","not sig"
"MODIS_4_BGC","MI",513.665194948141,-0.218947538028667,0.582719009575084,"0.01","decrease"
"MODIS_4_BGC","NC",15.8767081901618,0.0361919444648792,0.178014890659739,"N/S","not sig"
"MODIS_4_BGC","OK",-127.547127872494,0.0754521600376064,0.119541508109067,"N/S","not sig"
"MODIS_4_BGC","MA",170.474630427156,-0.0426385883280603,0.806116493229189,"0.01","decrease"
"MODIS_4_BGC","VA",-222.449789642526,0.156920409243518,0.803160772365565,"0.01","increase"
"MODIS_4_BGC","GA",245.20241861749,-0.0777741777467808,0.512407870146645,"0.01","decrease"
"MODIS_4_BGC","LA",277.9284569346,-0.101472690843444,0.313762266861554,"0.05","decrease"
"MODIS_4_BGC","AL",110.136099449044,-0.00781331197243564,0.00583572444806844,"N/S","not sig"
"MODIS_4_BGC","PA",-60.7996748543157,0.0739754708144097,0.293611859833019,"0.05","increase"
"MODIS_4_BGC","MO",-160.889123621053,0.110590582459301,0.121414697304947,"N/S","not sig"
"MODIS_4_BGC","TN",53.5024424147438,0.0160092875285496,0.0144416342934489,"N/S","not sig"
"MODIS_4_BGC","NY",413.477666997295,-0.161096439007714,0.412359994563936,"0.01","decrease"
"MODIS_4_BGC","ME",123.490672808981,-0.0112483607605058,0.136916617320967,"N/S","not sig"
"MODIS_4_BGC","MS",8.31634942411776,0.0369298613450326,0.133776626671574,"N/S","not sig"
"MODIS_4_BGC","WV",34.6137118214127,0.0314352424887218,0.412818687133094,"0.01","increase"
"MODIS_4_BGC","OH",128.674659267052,-0.040849782905322,0.031343660186291,"N/S","not sig"
"MODIS_4_BGC","MD",81.2609596898087,-0.00284881356003402,0.000140094495707238,"N/S","not sig"
"MODIS_4_BGC","SC",97.0984663123288,-0.00226665632607171,0.000944834535757245,"N/S","not sig"
"MODIS_4_BGC","NH",125.99829075934,-0.0136649186590487,0.376621040871129,"0.01","decrease"
"MODIS_4_BGC","NJ",144.41645674661,-0.03825203521483,0.130827707814058,"N/S","not sig"
"MODIS_4_BGC","VT",132.987450628482,-0.0182834010805127,0.0461998477220314,"N/S","not sig"
"MODIS_4_BGC","CT",156.611916790738,-0.0348750317529577,0.739066304607713,"0.01","decrease"
"MODIS_4_BGC","DE",-454.328023419846,0.251217400053528,0.376607434248855,"0.01","increase"
"MODIS_4_BGC","RI",186.838168423012,-0.0507399802156594,0.67689365843322,"0.01","decrease"
"MODIS_4_BGC","IA",87.8729009684766,-0.0399523001108451,0.0250604036463803,"N/S","not sig"
"MODIS_4_BGC","WI",735.634367605536,-0.329792564812017,0.401183851300074,"0.01","decrease"
"MODIS_4_BGC","AR",-41.6418342975236,0.0564654058235535,0.109044863322663,"N/S","not sig"
"MODIS_4_BGC","KY",-175.821020636652,0.129244336278269,0.41684427710444,"0.01","increase"
"MODIS_4_BGC","IN",115.174980671081,-0.0447765883319854,0.110082423060588,"N/S","not sig"
"MODIS_5_PFT","TX",-21.0202888692116,0.0196078746639621,0.0171487486180256,"N/S","not sig"
"MODIS_5_PFT","FL",294.316166787313,-0.104165068651671,0.670635126534874,"0.01","decrease"
"MODIS_5_PFT","CONUS",133.010856097156,-0.0472427432056384,0.347340481410041,"0.01","decrease"
"MODIS_5_PFT","CA",186.687442161443,-0.0770362493919985,0.259727676541433,"0.05","decrease"
"MODIS_5_PFT","MT",386.682748687726,-0.182690638897757,0.91743339076782,"0.01","decrease"
"MODIS_5_PFT","NV",69.8634537098054,-0.0330430291843176,0.44901728267244,"0.01","decrease"
"MODIS_5_PFT","AZ",107.308296657363,-0.0483271427695688,0.289456091223652,"0.05","decrease"
"MODIS_5_PFT","UT",228.639612402616,-0.108917952875639,0.704829038903479,"0.01","decrease"
"MODIS_5_PFT","KS",-129.059632311754,0.0652750609023505,0.519956000317042,"0.01","increase"
"MODIS_5_PFT","WY",168.397708017429,-0.0793687674529919,0.565711808904333,"0.01","decrease"
"MODIS_5_PFT","NE",-4.65086251493885,0.00236897257668701,0.120186730042489,"N/S","not sig"
"MODIS_5_PFT","NM",349.023278662436,-0.1701412281975,0.890904492547509,"0.01","decrease"
"MODIS_5_PFT","SD",45.2476877338,-0.021576645289695,0.702486651386769,"0.01","decrease"
"MODIS_5_PFT","ID",620.46494356431,-0.292181808554772,0.918884704099775,"0.01","decrease"
"MODIS_5_PFT","ND",-9.99115919345335,0.00521271199595361,0.115268592604818,"N/S","not sig"
"MODIS_5_PFT","IL",-25.0606707762774,0.0187781689163123,0.0121306826343735,"N/S","not sig"
"MODIS_5_PFT","WA",336.624712008489,-0.140071731567194,0.838232499815587,"0.01","decrease"
"MODIS_5_PFT","CO",287.637265395911,-0.1324008591113,0.761703281224345,"0.01","decrease"
"MODIS_5_PFT","MN",12.8729028741421,0.0181393962922406,0.00680041935916039,"N/S","not sig"
"MODIS_5_PFT","OR",-53.7766185230557,0.0485954774570792,0.520588820235749,"0.01","increase"
"MODIS_5_PFT","MI",513.609080595269,-0.218919683025639,0.582734070124423,"0.01","decrease"
"MODIS_5_PFT","NC",15.8683173154194,0.036187068074412,0.179241412335558,"N/S","not sig"
"MODIS_5_PFT","OK",-127.888999080153,0.0756219251823441,0.120089773237222,"N/S","not sig"
"MODIS_5_PFT","MA",169.893981820194,-0.0423520090941139,0.797044414750449,"0.01","decrease"
"MODIS_5_PFT","VA",-222.4443092769,0.156916121007504,0.803364317139021,"0.01","increase"
"MODIS_5_PFT","GA",245.36762703863,-0.0778568845094896,0.513067762814302,"0.01","decrease"
"MODIS_5_PFT","LA",277.362222271638,-0.101191654824738,0.312532214380455,"0.05","decrease"
"MODIS_5_PFT","AL",109.878049125063,-0.00768572424745455,0.00563140698859439,"N/S","not sig"
"MODIS_5_PFT","PA",-60.7996748543157,0.0739754708144097,0.293611859833019,"0.05","increase"
"MODIS_5_PFT","MO",-160.893099664285,0.110592553236616,0.121419045766109,"N/S","not sig"
"MODIS_5_PFT","TN",53.2122912902418,0.0161527979464783,0.0147124981009877,"N/S","not sig"
"MODIS_5_PFT","NY",413.475834376388,-0.161095720332849,0.412336762432972,"0.01","decrease"
"MODIS_5_PFT","ME",122.942067777413,-0.0109765989294427,0.132045062532559,"N/S","not sig"
"MODIS_5_PFT","MS",8.28640254896731,0.0369446579451913,0.133783799387799,"N/S","not sig"
"MODIS_5_PFT","WV",34.6137118214127,0.0314352424887218,0.412818687133094,"0.01","increase"
"MODIS_5_PFT","OH",128.674659267052,-0.040849782905322,0.031343660186291,"N/S","not sig"
"MODIS_5_PFT","MD",77.9108828630306,-0.00119156009306158,2.4624057975932e-05,"N/S","not sig"
"MODIS_5_PFT","SC",96.4867341420814,-0.00196301823473508,0.000704936945675025,"N/S","not sig"
"MODIS_5_PFT","NH",126.259837043211,-0.013795436440108,0.378245213671546,"0.01","decrease"
"MODIS_5_PFT","NJ",143.832098939191,-0.0379618942062992,0.128524200635029,"N/S","not sig"
"MODIS_5_PFT","VT",132.547090270506,-0.0180647550981237,0.0451677340413931,"N/S","not sig"
"MODIS_5_PFT","CT",156.70990334539,-0.0349239900600646,0.737173585261276,"0.01","decrease"
"MODIS_5_PFT","DE",-454.328023419846,0.251217400053528,0.376607434248855,"0.01","increase"
"MODIS_5_PFT","RI",184.958328794066,-0.0498064477287284,0.670565066746446,"0.01","decrease"
"MODIS_5_PFT","IA",87.8729009684766,-0.0399523001108451,0.0250604036463803,"N/S","not sig"
"MODIS_5_PFT","WI",735.634367605536,-0.329792564812017,0.401183851300074,"0.01","decrease"
"MODIS_5_PFT","AR",-42.3316203634777,0.056807766946326,0.110453066676953,"N/S","not sig"
"MODIS_5_PFT","KY",-175.828791680097,0.129248196068059,0.416853850459982,"0.01","increase"
"MODIS_5_PFT","IN",115.174980671081,-0.0447765883319854,0.110082423060588,"N/S","not sig"
"NLCD_forest","TX",29.1255149433539,-0.00926734740576163,0.159261641461096,"N/S","not sig"
"NLCD_forest","FL",91.9258801105785,-0.0359671973034089,0.272446815973358,"N/S","not sig"
"NLCD_forest","CONUS",108.115120292282,-0.0410083227765813,0.703897284302207,"0.01","decrease"
"NLCD_forest","CA",274.974815134875,-0.125425844816522,0.976829896069984,"0.01","decrease"
"NLCD_forest","MT",222.746884546695,-0.100349900068445,0.906295945934549,"0.01","decrease"
"NLCD_forest","NV",47.6504723829735,-0.0186420778779437,0.969418248137786,"0.01","decrease"
"NLCD_forest","AZ",174.206130854392,-0.0798196000925877,0.943081409569312,"0.01","decrease"
"NLCD_forest","UT",138.558181211574,-0.0571461566326106,0.957954328026867,"0.01","decrease"
"NLCD_forest","KS",3.03182774428303,0.000762486445775319,0.178464062171826,"N/S","not sig"
"NLCD_forest","WY",100.919794885355,-0.044273050608154,0.970966761996933,"0.01","decrease"
"NLCD_forest","NE",14.5374411958593,-0.00627663144092374,0.862578888110621,"0.01","decrease"
"NLCD_forest","NM",103.342910867751,-0.0434745116997771,0.973744083777104,"0.01","decrease"
"NLCD_forest","SD",23.6993332788559,-0.0101174721470439,0.605831542552212,"0.05","decrease"
"NLCD_forest","ID",482.0395670897,-0.22442127133838,0.916687785051188,"0.01","decrease"
"NLCD_forest","ND",2.07961382214816,-0.000195519873355776,0.0558084997314829,"N/S","not sig"
"NLCD_forest","IL",21.4062824309657,-0.00338894026268048,0.552453579516856,"0.05","decrease"
"NLCD_forest","WA",200.904206252968,-0.0796826090782272,0.201124766435212,"N/S","not sig"
"NLCD_forest","CO",145.546043174446,-0.0584758440366681,0.945042124468558,"0.01","decrease"
"NLCD_forest","MN",46.4631018810408,-0.0135808492349911,0.154771261644407,"N/S","not sig"
"NLCD_forest","OR",119.529428658193,-0.0414016241964676,0.0926208017554313,"N/S","not sig"
"NLCD_forest","MI",59.4223919735144,-0.012252888514368,0.161159059733785,"N/S","not sig"
"NLCD_forest","NC",105.05697358893,-0.0304244371558155,0.169235343105942,"N/S","not sig"
"NLCD_forest","OK",75.7858849838995,-0.0265677034053918,0.255763112407024,"N/S","not sig"
"NLCD_forest","MA",323.902090768996,-0.134818492096051,0.92405164573487,"0.01","decrease"
"NLCD_forest","VA",274.280531483711,-0.107609716792439,0.850508566503049,"0.01","decrease"
"NLCD_forest","GA",272.347205761907,-0.113492602079046,0.780962794430432,"0.01","decrease"
"NLCD_forest","LA",-74.0031403228643,0.0485748876170521,0.331036707964107,"N/S","not sig"
"NLCD_forest","AL",-36.6483442415652,0.0439809504980503,0.122910782755555,"N/S","not sig"
"NLCD_forest","PA",148.89219060479,-0.0438758028279216,0.698003166608528,"0.01","decrease"
"NLCD_forest","MO",64.6958078991257,-0.0135893253211109,0.335828354999677,"N/S","not sig"
"NLCD_forest","TN",9.83105316366092,0.020627337060231,0.0568398418684553,"N/S","not sig"
"NLCD_forest","NY",94.7792489017167,-0.0190136930145185,0.438954207652782,"N/S","not sig"
"NLCD_forest","ME",168.443067003285,-0.048529927275519,0.0910960701721506,"N/S","not sig"
"NLCD_forest","MS",-167.88971172179,0.104048566144647,0.733492768586593,"0.01","increase"
"NLCD_forest","WV",219.417022334837,-0.0688996742398831,0.784177928364764,"0.01","decrease"
"NLCD_forest","OH",54.6435849952564,-0.0112434624719408,0.380370925306513,"N/S","not sig"
"NLCD_forest","MD",76.2819465327512,-0.0209892648579589,0.520166550324491,"0.05","decrease"
"NLCD_forest","SC",183.478826007473,-0.0713174882957567,0.461330987860471,"N/S","not sig"
"NLCD_forest","NH",324.866740845975,-0.123631420296279,0.543029491159142,"0.05","decrease"
"NLCD_forest","NJ",150.871324075019,-0.0601299120352329,0.94259681618684,"0.01","decrease"
"NLCD_forest","VT",171.708580914716,-0.0490197165989504,0.524726042568307,"0.05","decrease"
"NLCD_forest","CT",241.555325356076,-0.091733017993128,0.939551661904038,"0.01","decrease"
"NLCD_forest","DE",-63.9667767403659,0.0376846319736782,0.548930936703048,"0.05","increase"
"NLCD_forest","RI",465.73741394764,-0.207517615917451,0.946979279686756,"0.01","decrease"
"NLCD_forest","IA",7.97769424013505,-0.000201762696191026,0.031725975056431,"N/S","not sig"
"NLCD_forest","WI",6.68622144283169,0.0134975622532883,0.589313672969894,"0.05","increase"
"NLCD_forest","AR",171.613443286059,-0.0637920842631952,0.523052885615397,"0.05","decrease"
"NLCD_forest","KY",58.9908559581712,-0.00269081640888901,0.00226927549289539,"N/S","not sig"
"NLCD_forest","IN",30.5600822155002,-0.00388958725457403,0.193003599097349,"N/S","not sig"
"NLCD_forest_woodywet","TX",27.4885400612092,-0.00705625103746206,0.0684202536153633,"N/S","not sig"
"NLCD_forest_woodywet","FL",-2.30130577868253,0.0244843327877588,0.0502360993501133,"N/S","not sig"
"NLCD_forest_woodywet","CONUS",103.50486782329,-0.0363765508953792,0.586721152092824,"0.05","decrease"
"NLCD_forest_woodywet","CA",273.901261376286,-0.124728808659962,0.977513025411012,"0.01","decrease"
"NLCD_forest_woodywet","MT",222.52897968513,-0.0999364807401033,0.899530053284469,"0.01","decrease"
"NLCD_forest_woodywet","NV",47.7741121163226,-0.0184852209487123,0.978451537465876,"0.01","decrease"
"NLCD_forest_woodywet","AZ",174.931141262187,-0.0800015375025835,0.943337760107474,"0.01","decrease"
"NLCD_forest_woodywet","UT",139.246911592193,-0.05727925321416,0.961017331354552,"0.01","decrease"
"NLCD_forest_woodywet","KS",3.94084105767748,0.000534602789237745,0.0791681901881147,"N/S","not sig"
"NLCD_forest_woodywet","WY",99.2312008239995,-0.0430787663804374,0.969181058071421,"0.01","decrease"
"NLCD_forest_woodywet","NE",17.5699946188183,-0.00739941307636813,0.918254131271921,"0.01","decrease"
"NLCD_forest_woodywet","NM",102.447619069163,-0.0429295203056625,0.971222492360406,"0.01","decrease"
"NLCD_forest_woodywet","SD",24.6267293654733,-0.0104445074111065,0.59371345842823,"0.05","decrease"
"NLCD_forest_woodywet","ID",482.49422151705,-0.224336211853691,0.916792529112755,"0.01","decrease"
"NLCD_forest_woodywet","ND",4.26942520238826,-0.00103974651461749,0.249681863426355,"N/S","not sig"
"NLCD_forest_woodywet","IL",23.7201498773562,-0.00343284960310354,0.390087095934599,"N/S","not sig"
"NLCD_forest_woodywet","WA",200.535646847275,-0.0788649621241382,0.196817454565429,"N/S","not sig"
"NLCD_forest_woodywet","CO",142.415546860721,-0.0564706282195612,0.937327919964073,"0.01","decrease"
"NLCD_forest_woodywet","MN",-56.058871206375,0.0454306855558207,0.256132905631658,"N/S","not sig"
"NLCD_forest_woodywet","OR",117.285888602951,-0.0399709621292815,0.0861156569742223,"N/S","not sig"
"NLCD_forest_woodywet","MI",46.0974468348102,0.00557504847692936,0.0252640628606238,"N/S","not sig"
"NLCD_forest_woodywet","NC",136.58701159019,-0.0388405470334156,0.218435758725465,"N/S","not sig"
"NLCD_forest_woodywet","OK",76.5387349204066,-0.0265550376510704,0.253507572338017,"N/S","not sig"
"NLCD_forest_woodywet","MA",331.020717508653,-0.132719244562555,0.888904842969417,"0.01","decrease"
"NLCD_forest_woodywet","VA",276.679777865167,-0.106333676781295,0.831338608546116,"0.01","decrease"
"NLCD_forest_woodywet","GA",305.157073113481,-0.121649880160723,0.749037824273367,"0.01","decrease"
"NLCD_forest_woodywet","LA",-162.784069658072,0.104329539095019,0.580542602195181,"0.05","increase"
"NLCD_forest_woodywet","AL",-46.0788706761538,0.0542888343339977,0.139738849726328,"N/S","not sig"
"NLCD_forest_woodywet","PA",145.549375234746,-0.0414072684938821,0.671255108430251,"0.05","decrease"
"NLCD_forest_woodywet","MO",67.8144328450118,-0.0142117006284319,0.351792034363668,"N/S","not sig"
"NLCD_forest_woodywet","TN",8.72127714096272,0.0227758874962752,0.0629769827574211,"N/S","not sig"
"NLCD_forest_woodywet","NY",79.370363288598,-0.00730754484571503,0.0633009146156866,"N/S","not sig"
"NLCD_forest_woodywet","ME",179.641523926288,-0.0477430894937152,0.083903234572573,"N/S","not sig"
"NLCD_forest_woodywet","MS",-186.639655773379,0.121509309852411,0.639378228923036,"0.05","increase"
"NLCD_forest_woodywet","WV",218.333441993927,-0.0682821796429558,0.774136104808172,"0.01","decrease"
"NLCD_forest_woodywet","OH",55.5629334189135,-0.0110360120206084,0.36300020732406,"N/S","not sig"
"NLCD_forest_woodywet","MD",35.8614388891632,0.00445491355212424,0.0219080882648753,"N/S","not sig"
"NLCD_forest_woodywet","SC",270.120363997547,-0.104003079030768,0.570404834596559,"0.05","decrease"
"NLCD_forest_woodywet","NH",313.141868331266,-0.114486118440212,0.505403720804489,"0.05","decrease"
"NLCD_forest_woodywet","NJ",153.038646091448,-0.0525404733362566,0.84439130956646,"0.01","decrease"
"NLCD_forest_woodywet","VT",160.384878640814,-0.0410865879036564,0.366447783632036,"N/S","not sig"
"NLCD_forest_woodywet","CT",240.210297015066,-0.0867842104570372,0.923712004015194,"0.01","decrease"
"NLCD_forest_woodywet","DE",-86.5683336978123,0.0581743701614683,0.652065580606668,"0.05","increase"
"NLCD_forest_woodywet","RI",483.65719454469,-0.210362082036068,0.943700624657995,"0.01","decrease"
"NLCD_forest_woodywet","IA",11.5353551879369,-0.00132224698288219,0.379489124071783,"N/S","not sig"
"NLCD_forest_woodywet","WI",-4.00012761532916,0.0271575092386169,0.664923144915686,"0.05","increase"
"NLCD_forest_woodywet","AR",194.950074447142,-0.0702418518202712,0.510653502411484,"0.05","decrease"
"NLCD_forest_woodywet","KY",60.6225110697533,-0.00289005914528105,0.0026044296141683,"N/S","not sig"
"NLCD_forest_woodywet","IN",30.5507162328523,-0.00271173682131223,0.0904815312958791,"N/S","not sig"
"NRI_nonfederal_forest","TX",-11.3867340825376,0.0104559928470194,0.837636650226242,"N/S","not sig"
"NRI_nonfederal_forest","FL",103.417310296375,-0.0302621437359983,0.719387109850072,"N/S","not sig"
"NRI_nonfederal_forest","CONUS",-130.179335557242,0.0783075849397525,0.670428843209062,"N/S","not sig"
"NRI_nonfederal_forest","CA",68.0000357339547,-0.0212047489115042,0.773865101596166,"N/S","not sig"
"NRI_nonfederal_forest","MT",39.0907869943014,-0.014947214842689,0.920030282956387,"0.05","decrease"
"NRI_nonfederal_forest","NV",4.13898051976668,-0.000856872649182314,0.59999999999999,"N/S","not sig"
"NRI_nonfederal_forest","AZ",25.2131682526156,-0.00785665757785018,0.818951771010512,"N/S","not sig"
"NRI_nonfederal_forest","UT",11.5361403452578,0.000206083467527307,0.00307692307691325,"N/S","not sig"
"NRI_nonfederal_forest","KS",-27.2035584300109,0.0152690824534071,0.999772784650341,"0.01","increase"
"NRI_nonfederal_forest","WY",5.22938458955836,-0.000927141053642018,0.454545454545464,"N/S","not sig"
"NRI_nonfederal_forest","NE",12.9617679053713,-0.00555469070924112,0.974859588125171,"0.05","decrease"
"NRI_nonfederal_forest","NM",10.5125139216609,-7.40203202435198e-05,0.000573065902573712,"N/S","not sig"
"NRI_nonfederal_forest","SD",3.82006491426865,-0.00126480662321089,0.740969162995607,"N/S","not sig"
"NRI_nonfederal_forest","ID",30.4821857455914,-0.00509289681151842,0.770666666667445,"N/S","not sig"
"NRI_nonfederal_forest","ND",2.70183732380278,-0.000803358773299925,0.862686567164187,"N/S","not sig"
"NRI_nonfederal_forest","IL",-40.2758599848215,0.025733955001406,0.984028513630657,"0.01","increase"
"NRI_nonfederal_forest","WA",95.5380998000816,-0.0275115701740103,0.965120312161312,"0.05","decrease"
"NRI_nonfederal_forest","CO",24.5906621359364,-0.00806929555226823,0.996094276094308,"0.01","decrease"
"NRI_nonfederal_forest","MN",8.52601317906418,0.0129017200881873,0.895695427587509,"N/S","not sig"
"NRI_nonfederal_forest","OR",59.8950270387683,-0.0086931465875881,0.793164494713734,"N/S","not sig"
"NRI_nonfederal_forest","MI",23.2578040086646,0.0135883903576152,0.586579378068614,"N/S","not sig"
"NRI_nonfederal_forest","NC",120.448714402967,-0.0330187768104383,0.728698842431533,"N/S","not sig"
"NRI_nonfederal_forest","OK",-44.7477136892442,0.0314908497554462,0.894659724020238,"N/S","not sig"
"NRI_nonfederal_forest","MA",216.131369123979,-0.0816781752623211,0.884735472679847,"N/S","not sig"
"NRI_nonfederal_forest","VA",148.641975677273,-0.0453176755113643,0.645046162487266,"N/S","not sig"
"NRI_nonfederal_forest","GA",153.590235966197,-0.0455843912911888,0.976095617529891,"0.05","decrease"
"NRI_nonfederal_forest","LA",-36.1033100831005,0.0423570218020163,0.754789640897233,"N/S","not sig"
"NRI_nonfederal_forest","AL",-63.5107207013676,0.0656976959253472,0.988484737707918,"0.01","increase"
"NRI_nonfederal_forest","PA",51.3688321273805,0.00221020023226913,0.0701715954727134,"N/S","not sig"
"NRI_nonfederal_forest","MO",-45.4719974419848,0.0373868930066125,0.804886311143038,"N/S","not sig"
"NRI_nonfederal_forest","TN",-0.764748528478975,0.0239855483040307,0.567053669222265,"N/S","not sig"
"NRI_nonfederal_forest","NY",4.68645715067914,0.0265804021308051,0.989976488058422,"0.01","increase"
"NRI_nonfederal_forest","ME",178.949410305053,-0.0442072087626552,0.776129844690183,"N/S","not sig"
"NRI_nonfederal_forest","MS",-250.518014725985,0.154541017973016,0.995458733710674,"0.01","increase"
"NRI_nonfederal_forest","WV",-1.73948785024784,0.0377626844475122,0.912382415050745,"0.05","increase"
"NRI_nonfederal_forest","OH",37.2661641550301,-0.00479517469032572,0.232687651331691,"N/S","not sig"
"NRI_nonfederal_forest","MD",103.573483297725,-0.0326962302257837,0.725689404934687,"N/S","not sig"
"NRI_nonfederal_forest","SC",80.0819118109002,-0.0096535458794591,0.127644831198168,"N/S","not sig"
"NRI_nonfederal_forest","NH",269.002439047622,-0.0955205413271665,0.891135999999928,"N/S","not sig"
"NRI_nonfederal_forest","NJ",169.364157349446,-0.0664998128511729,0.898445595854921,"N/S","not sig"
"NRI_nonfederal_forest","VT",212.494001289117,-0.0685980455216725,0.980760061702483,"0.01","decrease"
"NRI_nonfederal_forest","CT",191.199909669384,-0.0692204819918672,0.965752846900053,"0.05","decrease"
"NRI_nonfederal_forest","DE",8.78817810391475,0.00982285183001125,0.0857142857142829,"N/S","not sig"
"NRI_nonfederal_forest","RI",238.016928270814,-0.0910082570497587,0.749999999999952,"N/S","not sig"
"NRI_nonfederal_forest","IA",-29.442683343026,0.0180012202559628,0.983480599308497,"0.01","increase"
"NRI_nonfederal_forest","WI",-25.9211766528318,0.0351728544187409,0.968752537261542,"0.05","increase"
"NRI_nonfederal_forest","AR",-16.8299060932246,0.0330143453463691,0.865864557072081,"N/S","not sig"
"NRI_nonfederal_forest","KY",-128.034408307896,0.0856754811407498,0.753809588153586,"N/S","not sig"
"NRI_nonfederal_forest","IN",-29.9533055378604,0.0234615204653396,0.950255170561356,"0.05","increase"
